Time,UNIX_T,RSSI1,RSSI2,RSSI3,Lux,Acc_x,Acc_y,Acc_z,Temp,ID,Pos,Si,Co,Ro
"2017-09-22 15:46:59.289",1506088019289,54,64,65,168,-1103,-25,92,2243,1,132,1,3,2
"2017-09-22 15:46:59.339",1506088019339,68,59,35,146,-1038,13,92,2253,2,112,1,1,2
"2017-09-22 15:46:59.391",1506088019391,45,54,65,192,-1090,-54,126,2172,3,152,1,5,2
"2017-09-22 15:46:59.439",1506088019439,55,53,63,76,-1072,9,97,2203,4,242,2,4,2
"2017-09-22 15:46:59.492",1506088019492,55,67,50,68,-1054,-47,108,2028,5,212,2,1,2
"2017-09-22 15:46:59.540",1506088019540,50,65,52,169,-1093,-59,102,2200,6,121,1,2,1
"2017-09-22 15:46:59.591",1506088019591,54,58,67,66,-1010,31,158,2135,7,243,2,4,3
"2017-09-22 15:46:59.643",1506088019643,39,49,52,180,-1087,-31,53,2126,8,151,1,5,1
"2017-09-22 15:46:59.691",1506088019691,50,66,61,81,-1030,37,86,2228,9,231,2,3,1
"2017-09-22 15:46:59.744",1506088019744,60,71,55,72,-1088,-63,92,2229,10,222,2,2,2
"2017-09-22 15:46:59.792",1506088019792,57,75,50,64,-1053,-54,86,-24393,11,223,2,2,3
"2017-09-22 15:46:59.840",1506088019840,60,69,56,63,-1035,-18,53,2216,12,213,2,1,3
"2017-09-22 15:46:59.890",1506088019890,63,65,62,143,-1087,-42,84,2193,13,123,1,2,3
"2017-09-22 15:46:59.941",1506088019941,59,57,63,95,-1055,-51,45,2177,14,252,2,5,2
"2017-09-22 15:46:59.994",1506088019994,52,60,54,182,-1093,-34,101,2156,15,153,1,5,3
"2017-09-22 15:47:00.040",1506088020040,54,63,62,60,-1059,-31,105,2112,16,233,2,3,3
"2017-09-22 15:47:00.094",1506088020094,57,69,61,157,-1099,-51,127,2194,17,122,1,2,2
"2017-09-22 15:47:00.144",1506088020144,64,71,61,80,-1055,-42,117,2236,18,221,2,2,1
"2017-09-22 15:47:00.188",1506088020188,49,62,49,155,-1042,70,57,2290,19,111,1,1,1
"2017-09-22 15:47:00.247",1506088020247,56,66,64,181,-1067,9,113,2219,20,141,1,4,1
"2017-09-22 15:47:00.288",1506088020288,54,62,64,188,-1058,-34,97,2209,21,199,1,9,9
"2017-09-22 15:47:00.343",1506088020343,58,58,58,59,-1051,-46,124,2218,22,299,2,9,9
"2017-09-22 15:47:01.360",1506088021360,54,63,65,168,-1104,-22,95,2249,1,132,1,3,2
"2017-09-22 15:47:01.409",1506088021409,68,59,37,146,-1035,10,89,2259,2,112,1,1,2
"2017-09-22 15:47:01.459",1506088021459,46,55,65,192,-1090,-54,133,2140,3,152,1,5,2
"2017-09-22 15:47:01.511",1506088021511,55,54,64,76,-1074,10,105,2197,4,242,2,4,2
"2017-09-22 15:47:01.562",1506088021562,56,67,51,68,-1053,-49,111,2048,5,212,2,1,2
"2017-09-22 15:47:01.609",1506088021609,49,65,51,169,-1095,-58,98,2200,6,121,1,2,1
"2017-09-22 15:47:01.663",1506088021663,54,58,67,66,-1011,33,162,2167,7,243,2,4,3
"2017-09-22 15:47:01.714",1506088021714,39,50,52,180,-1094,-31,54,2132,8,151,1,5,1
"2017-09-22 15:47:01.762",1506088021762,50,66,61,81,-1030,39,93,2228,9,231,2,3,1
"2017-09-22 15:47:01.814",1506088021814,60,71,55,72,-1087,-66,94,2236,10,222,2,2,2
"2017-09-22 15:47:01.861",1506088021861,56,74,50,64,-1053,-58,86,-24393,11,223,2,2,3
"2017-09-22 15:47:01.912",1506088021912,60,68,57,63,-1032,-18,53,2216,12,213,2,1,3
"2017-09-22 15:47:01.961",1506088021961,63,66,61,143,-1086,-38,85,2193,13,123,1,2,3
"2017-09-22 15:47:02.010",1506088022010,59,57,63,95,-1054,-46,38,2177,14,252,2,5,2
"2017-09-22 15:47:02.064",1506088022064,51,60,53,182,-1090,-34,101,2143,15,153,1,5,3
"2017-09-22 15:47:02.111",1506088022111,53,63,62,60,-1062,-28,109,2112,16,233,2,3,3
"2017-09-22 15:47:02.167",1506088022167,57,68,61,157,-1096,-49,125,2194,17,122,1,2,2
"2017-09-22 15:47:02.212",1506088022212,64,71,61,80,-1051,-44,125,2216,18,221,2,2,1
"2017-09-22 15:47:02.259",1506088022259,49,62,49,155,-1040,68,52,2290,19,111,1,1,1
"2017-09-22 15:47:02.321",1506088022321,56,67,64,181,-1071,5,114,2232,20,141,1,4,1
"2017-09-22 15:47:02.362",1506088022362,54,61,64,188,-1062,-33,93,2209,21,199,1,9,9
"2017-09-22 15:47:02.414",1506088022414,57,57,59,59,-1048,-42,129,2224,22,299,2,9,9
"2017-09-22 15:47:03.429",1506088023429,54,63,65,168,-1106,-23,93,2249,1,132,1,3,2
"2017-09-22 15:47:03.481",1506088023481,68,59,36,146,-1031,10,93,2266,2,112,1,1,2
"2017-09-22 15:47:03.532",1506088023532,46,54,65,192,-1086,-57,129,2153,3,152,1,5,2
"2017-09-22 15:47:03.581",1506088023581,54,53,63,76,-1077,5,105,2197,4,242,2,4,2
"2017-09-22 15:47:03.632",1506088023632,56,67,50,68,-1055,-49,114,2048,5,212,2,1,2
"2017-09-22 15:47:03.683",1506088023683,49,65,52,169,-1095,-54,102,2187,6,121,1,2,1
"2017-09-22 15:47:03.733",1506088023733,53,58,66,66,-1010,33,162,2167,7,243,2,4,3
"2017-09-22 15:47:03.786",1506088023786,38,50,52,180,-1091,-38,54,2126,8,151,1,5,1
"2017-09-22 15:47:03.830",1506088023830,50,66,61,81,-1034,42,93,2228,9,231,2,3,1
"2017-09-22 15:47:03.885",1506088023885,61,72,55,72,-1086,-59,90,2216,10,222,2,2,2
"2017-09-22 15:47:03.932",1506088023932,56,75,50,64,-1054,-51,89,-24393,11,223,2,2,3
"2017-09-22 15:47:03.983",1506088023983,60,69,56,63,-1032,-18,50,2216,12,213,2,1,3
"2017-09-22 15:47:04.032",1506088024032,63,67,61,143,-1086,-36,85,2206,13,123,1,2,3
"2017-09-22 15:47:04.080",1506088024080,59,57,64,95,-1056,-51,41,2177,14,252,2,5,2
"2017-09-22 15:47:04.134",1506088024134,51,60,53,182,-1095,-34,102,2156,15,153,1,5,3
"2017-09-22 15:47:04.184",1506088024184,53,63,62,60,-1059,-31,109,2112,16,233,2,3,3
"2017-09-22 15:47:04.236",1506088024236,56,68,61,157,-1099,-47,127,2194,17,122,1,2,2
"2017-09-22 15:47:04.284",1506088024284,65,71,61,80,-1054,-42,121,2210,18,221,2,2,1
"2017-09-22 15:47:04.332",1506088024332,49,63,49,155,-1038,68,54,2310,19,111,1,1,1
"2017-09-22 15:47:04.392",1506088024392,55,67,64,181,-1074,10,114,2219,20,141,1,4,1
"2017-09-22 15:47:04.430",1506088024430,52,62,64,188,-1061,-34,93,2209,21,199,1,9,9
"2017-09-22 15:47:04.486",1506088024486,57,58,58,59,-1048,-47,117,2224,22,299,2,9,9
"2017-09-22 15:47:05.499",1506088025499,54,63,65,168,-1111,-20,97,2230,1,132,1,3,2
"2017-09-22 15:47:05.551",1506088025551,68,59,37,146,-1032,13,97,2266,2,112,1,1,2
"2017-09-22 15:47:05.601",1506088025601,46,54,65,192,-1087,-51,130,2166,3,152,1,5,2
"2017-09-22 15:47:05.651",1506088025651,54,53,63,76,-1074,5,105,2203,4,242,2,4,2
"2017-09-22 15:47:05.706",1506088025706,56,67,50,68,-1051,-47,114,2022,5,212,2,1,2
"2017-09-22 15:47:05.754",1506088025754,49,64,52,169,-1094,-54,98,2193,6,121,1,2,1
"2017-09-22 15:47:05.804",1506088025804,54,58,66,66,-1014,34,162,2174,7,243,2,4,3
"2017-09-22 15:47:05.854",1506088025854,40,49,51,180,-1090,-33,50,2139,8,151,1,5,1
"2017-09-22 15:47:05.903",1506088025903,50,66,62,81,-1030,41,89,2228,9,231,2,3,1
"2017-09-22 15:47:05.956",1506088025956,61,71,55,72,-1086,-66,86,2229,10,222,2,2,2
"2017-09-22 15:47:06.004",1506088026004,56,75,49,64,-1051,-51,85,-24393,11,223,2,2,3
"2017-09-22 15:47:06.053",1506088026053,60,69,56,63,-1038,-18,53,2209,12,213,2,1,3
"2017-09-22 15:47:06.102",1506088026102,63,66,61,143,-1086,-35,89,2206,13,123,1,2,3
"2017-09-22 15:47:06.152",1506088026152,59,57,63,95,-1054,-54,44,2177,14,252,2,5,2
"2017-09-22 15:47:06.205",1506088026205,52,60,53,182,-1090,-31,105,2137,15,153,1,5,3
"2017-09-22 15:47:06.255",1506088026255,53,63,62,60,-1062,-26,110,2125,16,233,2,3,3
"2017-09-22 15:47:06.310",1506088026310,57,69,60,157,-1102,-47,125,2194,17,122,1,2,2
"2017-09-22 15:47:06.358",1506088026358,64,71,61,80,-1056,-39,117,2236,18,221,2,2,1
"2017-09-22 15:47:06.401",1506088026401,49,62,48,156,-1038,65,55,2310,19,111,1,1,1
"2017-09-22 15:47:06.460",1506088026460,56,67,64,181,-1071,10,110,2232,20,141,1,4,1
"2017-09-22 15:47:06.501",1506088026501,54,61,64,188,-1058,-31,93,2209,21,199,1,9,9
"2017-09-22 15:47:06.558",1506088026558,57,58,58,59,-1051,-44,121,2231,22,299,2,9,9
"2017-09-22 15:47:07.570",1506088027570,54,64,65,168,-1106,-22,100,2249,1,132,1,3,2
"2017-09-22 15:47:07.623",1506088027623,68,58,38,146,-1038,13,89,2259,2,112,1,1,2
"2017-09-22 15:47:07.675",1506088027675,45,54,65,192,-1090,-55,130,2166,3,152,1,5,2
"2017-09-22 15:47:07.724",1506088027724,54,54,63,76,-1078,9,108,2190,4,242,2,4,2
"2017-09-22 15:47:07.774",1506088027774,57,67,51,68,-1053,-47,110,2048,5,212,2,1,2
"2017-09-22 15:47:07.821",1506088027821,49,65,52,170,-1094,-57,98,2174,6,121,1,2,1
"2017-09-22 15:47:07.874",1506088027874,54,57,66,66,-1013,38,162,2161,7,243,2,4,3
"2017-09-22 15:47:07.926",1506088027926,40,49,52,180,-1096,-34,49,2139,8,151,1,5,1
"2017-09-22 15:47:07.972",1506088027972,50,66,62,81,-1034,42,92,2222,9,231,2,3,1
"2017-09-22 15:47:08.028",1506088028028,61,71,55,72,-1090,-66,89,2249,10,222,2,2,2
"2017-09-22 15:47:08.073",1506088028073,57,75,49,64,-1051,-51,82,-24400,11,223,2,2,3
"2017-09-22 15:47:08.124",1506088028124,60,68,56,63,-1035,-22,52,2196,12,213,2,1,3
"2017-09-22 15:47:08.172",1506088028172,63,66,61,143,-1083,-38,82,2167,13,123,1,2,3
"2017-09-22 15:47:08.223",1506088028223,59,57,63,95,-1054,-55,44,2177,14,252,2,5,2
"2017-09-22 15:47:08.278",1506088028278,52,61,54,182,-1093,-34,103,2156,15,153,1,5,3
"2017-09-22 15:47:08.325",1506088028325,53,64,62,60,-1062,-27,111,2132,16,233,2,3,3
"2017-09-22 15:47:08.381",1506088028381,57,69,61,157,-1103,-51,129,2194,17,122,1,2,2
"2017-09-22 15:47:08.428",1506088028428,64,71,61,80,-1055,-42,121,2216,18,221,2,2,1
"2017-09-22 15:47:08.471",1506088028471,49,62,49,155,-1038,68,57,2316,19,111,1,1,1
"2017-09-22 15:47:08.534",1506088028534,56,67,64,181,-1071,5,110,2232,20,141,1,4,1
"2017-09-22 15:47:08.573",1506088028573,54,62,65,188,-1062,-27,92,2202,21,199,1,9,9
"2017-09-22 15:47:08.626",1506088028626,58,58,58,59,-1048,-46,126,2218,22,299,2,9,9
"2017-09-22 15:47:09.642",1506088029642,54,63,65,168,-1107,-27,98,2256,1,132,1,3,2
"2017-09-22 15:47:09.693",1506088029693,69,60,36,146,-1031,10,89,2266,2,112,1,1,2
"2017-09-22 15:47:09.743",1506088029743,46,54,65,192,-1094,-54,130,2166,3,152,1,5,2
"2017-09-22 15:47:09.793",1506088029793,55,53,63,76,-1079,10,100,2197,4,242,2,4,2
"2017-09-22 15:47:09.845",1506088029845,55,67,50,68,-1051,-46,109,2028,5,212,2,1,2
"2017-09-22 15:47:09.893",1506088029893,50,65,53,169,-1099,-54,95,2174,6,121,1,2,1
"2017-09-22 15:47:09.943",1506088029943,55,57,66,66,-1013,36,164,2167,7,243,2,4,3
"2017-09-22 15:47:09.997",1506088029997,39,49,52,180,-1091,-33,57,2132,8,151,1,5,1
"2017-09-22 15:47:10.045",1506088030045,51,65,61,81,-1031,46,93,2254,9,231,2,3,1
"2017-09-22 15:47:10.097",1506088030097,60,71,55,72,-1090,-63,87,2236,10,222,2,2,2
"2017-09-22 15:47:10.143",1506088030143,56,74,50,64,-1054,-51,84,-24361,11,223,2,2,3
"2017-09-22 15:47:10.194",1506088030194,60,69,56,63,-1035,-18,53,2216,12,213,2,1,3
"2017-09-22 15:47:10.243",1506088030243,63,66,61,143,-1090,-39,84,2193,13,123,1,2,3
"2017-09-22 15:47:10.293",1506088030293,59,57,63,95,-1054,-54,41,2177,14,252,2,5,2
"2017-09-22 15:47:10.347",1506088030347,51,60,53,182,-1093,-34,102,2143,15,153,1,5,3
"2017-09-22 15:47:10.396",1506088030396,53,63,63,60,-1062,-27,111,2164,16,233,2,3,3
"2017-09-22 15:47:10.450",1506088030450,57,69,61,157,-1099,-43,125,2194,17,122,1,2,2
"2017-09-22 15:47:10.498",1506088030498,64,71,61,80,-1053,-43,122,2236,18,221,2,2,1
"2017-09-22 15:47:10.542",1506088030542,49,62,49,155,-1042,69,61,2290,19,111,1,1,1
"2017-09-22 15:47:10.603",1506088030603,56,66,64,181,-1074,5,110,2213,20,141,1,4,1
"2017-09-22 15:47:10.644",1506088030644,54,61,64,188,-1063,-30,89,2215,21,199,1,9,9
"2017-09-22 15:47:10.699",1506088030699,58,58,58,59,-1054,-44,125,2224,22,299,2,9,9
"2017-09-22 15:47:11.714",1506088031714,54,63,65,168,-1106,-22,95,2256,1,132,1,3,2
"2017-09-22 15:47:11.765",1506088031765,68,60,37,146,-1037,13,95,2266,2,112,1,1,2
"2017-09-22 15:47:11.814",1506088031814,46,54,65,192,-1086,-51,133,2153,3,152,1,5,2
"2017-09-22 15:47:11.865",1506088031865,54,53,63,76,-1078,10,105,2203,4,242,2,4,2
"2017-09-22 15:47:11.917",1506088031917,56,66,50,68,-1051,-47,105,2048,5,212,2,1,2
"2017-09-22 15:47:11.965",1506088031965,49,64,52,169,-1091,-51,94,2193,6,121,1,2,1
"2017-09-22 15:47:12.016",1506088032016,53,58,66,66,-1010,33,166,2174,7,243,2,4,3
"2017-09-22 15:47:12.067",1506088032067,39,49,51,180,-1090,-35,53,2132,8,151,1,5,1
"2017-09-22 15:47:12.113",1506088032113,50,67,61,81,-1032,42,92,2228,9,231,2,3,1
"2017-09-22 15:47:12.169",1506088032169,61,71,55,72,-1085,-66,94,2229,10,222,2,2,2
"2017-09-22 15:47:12.218",1506088032218,57,75,49,64,-1053,-55,86,-24393,11,223,2,2,3
"2017-09-22 15:47:12.264",1506088032264,60,69,56,63,-1038,-15,50,2190,12,213,2,1,3
"2017-09-22 15:47:12.314",1506088032314,63,66,62,143,-1085,-39,84,2193,13,123,1,2,3
"2017-09-22 15:47:12.366",1506088032366,59,58,63,95,-1054,-52,46,2177,14,252,2,5,2
"2017-09-22 15:47:12.418",1506088032418,51,60,54,182,-1093,-34,102,2156,15,153,1,5,3
"2017-09-22 15:47:12.466",1506088032466,53,64,61,60,-1062,-31,108,2132,16,233,2,3,3
"2017-09-22 15:47:12.520",1506088032520,57,69,61,157,-1099,-47,125,2194,17,122,1,2,2
"2017-09-22 15:47:12.570",1506088032570,65,71,61,80,-1054,-41,110,2210,18,221,2,2,1
"2017-09-22 15:47:12.614",1506088032614,49,62,49,155,-1039,63,55,2290,19,111,1,1,1
"2017-09-22 15:47:12.672",1506088032672,56,66,65,181,-1071,4,108,2232,20,141,1,4,1
"2017-09-22 15:47:12.714",1506088032714,53,61,64,188,-1056,-27,93,2209,21,199,1,9,9
"2017-09-22 15:47:12.769",1506088032769,58,57,58,59,-1055,-42,118,2224,22,299,2,9,9
"2017-09-22 15:47:13.785",1506088033785,53,63,65,168,-1106,-22,100,2249,1,132,1,3,2
"2017-09-22 15:47:13.834",1506088033834,68,59,37,146,-1035,13,93,2259,2,112,1,1,2
"2017-09-22 15:47:13.887",1506088033887,46,54,65,192,-1093,-54,133,2166,3,152,1,5,2
"2017-09-22 15:47:13.936",1506088033936,54,53,63,76,-1074,7,108,2197,4,242,2,4,2
"2017-09-22 15:47:13.988",1506088033988,56,66,50,68,-1053,-47,108,2041,5,212,2,1,2
"2017-09-22 15:47:14.035",1506088034035,48,64,52,169,-1096,-57,100,2200,6,121,1,2,1
"2017-09-22 15:47:14.086",1506088034086,54,58,66,66,-1011,33,166,2148,7,243,2,4,3
"2017-09-22 15:47:14.138",1506088034138,39,50,51,180,-1094,-31,50,2126,8,151,1,5,1
"2017-09-22 15:47:14.188",1506088034188,51,66,62,81,-1031,45,89,2228,9,231,2,3,1
"2017-09-22 15:47:14.242",1506088034242,61,72,54,72,-1087,-70,92,2216,10,222,2,2,2
"2017-09-22 15:47:14.287",1506088034287,56,74,50,64,-1051,-52,85,-24400,11,223,2,2,3
"2017-09-22 15:47:14.335",1506088034335,60,69,56,63,-1035,-22,58,2216,12,213,2,1,3
"2017-09-22 15:47:14.386",1506088034386,63,67,61,143,-1083,-42,85,2193,13,123,1,2,3
"2017-09-22 15:47:14.437",1506088034437,59,57,63,95,-1048,-52,44,2177,14,252,2,5,2
"2017-09-22 15:47:14.490",1506088034490,51,61,53,182,-1094,-35,100,2143,15,153,1,5,3
"2017-09-22 15:47:14.538",1506088034538,53,64,63,60,-1064,-27,111,2151,16,233,2,3,3
"2017-09-22 15:47:14.591",1506088034591,57,69,61,157,-1102,-50,129,2194,17,122,1,2,2
"2017-09-22 15:47:14.639",1506088034639,64,71,61,80,-1055,-43,121,2236,18,221,2,2,1
"2017-09-22 15:47:14.685",1506088034685,50,62,50,155,-1038,66,57,2290,19,111,1,1,1
"2017-09-22 15:47:14.745",1506088034745,55,66,64,181,-1070,5,106,2219,20,141,1,4,1
"2017-09-22 15:47:14.788",1506088034788,53,62,65,188,-1058,-31,93,2209,21,199,1,9,9
"2017-09-22 15:47:14.839",1506088034839,57,58,58,59,-1047,-44,125,2224,22,299,2,9,9
"2017-09-22 15:47:15.855",1506088035855,54,63,65,168,-1110,-22,103,2256,1,132,1,3,2
"2017-09-22 15:47:15.905",1506088035905,67,59,37,146,-1031,13,86,2259,2,112,1,1,2
"2017-09-22 15:47:15.956",1506088035956,45,55,65,192,-1087,-55,133,2140,3,152,1,5,2
"2017-09-22 15:47:16.006",1506088036006,55,54,63,76,-1074,9,102,2197,4,242,2,4,2
"2017-09-22 15:47:16.059",1506088036059,56,67,51,68,-1051,-51,106,2028,5,212,2,1,2
"2017-09-22 15:47:16.107",1506088036107,49,65,52,169,-1091,-54,92,2200,6,121,1,2,1
"2017-09-22 15:47:16.156",1506088036156,55,57,67,66,-1010,37,162,2148,7,243,2,4,3
"2017-09-22 15:47:16.211",1506088036211,40,50,51,180,-1090,-34,54,2132,8,151,1,5,1
"2017-09-22 15:47:16.255",1506088036255,51,66,63,81,-1035,42,93,2222,9,231,2,3,1
"2017-09-22 15:47:16.310",1506088036310,61,71,55,72,-1088,-68,89,2216,10,222,2,2,2
"2017-09-22 15:47:16.359",1506088036359,57,75,50,64,-1051,-52,86,-24393,11,223,2,2,3
"2017-09-22 15:47:16.408",1506088036408,60,69,56,63,-1035,-18,57,2196,12,213,2,1,3
"2017-09-22 15:47:16.458",1506088036458,63,66,61,143,-1086,-39,86,2193,13,123,1,2,3
"2017-09-22 15:47:16.507",1506088036507,59,57,63,95,-1053,-54,46,2177,14,252,2,5,2
"2017-09-22 15:47:16.559",1506088036559,51,60,54,182,-1094,-34,102,2137,15,153,1,5,3
"2017-09-22 15:47:16.609",1506088036609,53,63,62,60,-1062,-31,114,2132,16,233,2,3,3
"2017-09-22 15:47:16.663",1506088036663,57,68,61,157,-1101,-51,121,2194,17,122,1,2,2
"2017-09-22 15:47:16.709",1506088036709,64,71,61,80,-1053,-43,117,2229,18,221,2,2,1
"2017-09-22 15:47:16.757",1506088036757,49,62,50,155,-1040,69,60,2316,19,111,1,1,1
"2017-09-22 15:47:16.815",1506088036815,56,67,64,181,-1067,5,110,2232,20,141,1,4,1
"2017-09-22 15:47:16.856",1506088036856,54,61,64,188,-1058,-34,93,2235,21,199,1,9,9
"2017-09-22 15:47:16.910",1506088036910,57,58,58,59,-1053,-43,117,2224,22,299,2,9,9
"2017-09-22 15:47:17.924",1506088037924,54,63,65,168,-1104,-22,93,2256,1,132,1,3,2
"2017-09-22 15:47:17.978",1506088037978,68,59,35,146,-1035,12,93,2240,2,112,1,1,2
"2017-09-22 15:47:18.027",1506088038027,46,54,65,192,-1088,-54,126,2133,3,152,1,5,2
"2017-09-22 15:47:18.077",1506088038077,54,54,64,76,-1077,10,102,2203,4,242,2,4,2
"2017-09-22 15:47:18.128",1506088038128,56,66,50,68,-1054,-44,113,2028,5,212,2,1,2
"2017-09-22 15:47:18.178",1506088038178,49,64,52,169,-1091,-54,94,2200,6,121,1,2,1
"2017-09-22 15:47:18.230",1506088038230,53,58,66,66,-1007,36,162,2161,7,243,2,4,3
"2017-09-22 15:47:18.279",1506088038279,38,49,52,180,-1090,-33,53,2132,8,151,1,5,1
"2017-09-22 15:47:18.326",1506088038326,51,65,62,81,-1034,42,89,2228,9,231,2,3,1
"2017-09-22 15:47:18.383",1506088038383,61,72,54,72,-1086,-65,93,2216,10,222,2,2,2
"2017-09-22 15:47:18.429",1506088038429,57,75,50,64,-1048,-51,86,-24400,11,223,2,2,3
"2017-09-22 15:47:18.479",1506088038479,60,69,57,63,-1035,-19,58,2216,12,213,2,1,3
"2017-09-22 15:47:18.529",1506088038529,63,66,61,143,-1086,-38,89,2206,13,123,1,2,3
"2017-09-22 15:47:18.578",1506088038578,59,57,63,95,-1053,-50,47,2184,14,252,2,5,2
"2017-09-22 15:47:18.632",1506088038632,52,60,52,182,-1091,-35,103,2137,15,153,1,5,3
"2017-09-22 15:47:18.678",1506088038678,53,64,62,60,-1056,-31,106,2132,16,233,2,3,3
"2017-09-22 15:47:18.732",1506088038732,56,69,61,157,-1104,-51,117,2194,17,122,1,2,2
"2017-09-22 15:47:18.781",1506088038781,64,71,61,80,-1054,-42,114,2236,18,221,2,2,1
"2017-09-22 15:47:18.825",1506088038825,49,63,49,155,-1039,63,58,2290,19,111,1,1,1
"2017-09-22 15:47:18.889",1506088038889,56,66,64,181,-1074,7,110,2232,20,141,1,4,1
"2017-09-22 15:47:18.926",1506088038926,53,62,64,188,-1066,-27,92,2209,21,199,1,9,9
"2017-09-22 15:47:18.980",1506088038980,57,58,58,59,-1051,-43,121,2218,22,299,2,9,9
"2017-09-22 15:47:19.996",1506088039996,55,63,65,168,-1106,-22,94,2243,1,132,1,3,2
"2017-09-22 15:47:20.047",1506088040047,68,60,35,146,-1032,10,90,2240,2,112,1,1,2
"2017-09-22 15:47:20.097",1506088040097,45,54,65,192,-1090,-59,125,2153,3,152,1,5,2
"2017-09-22 15:47:20.149",1506088040149,55,54,63,76,-1075,9,105,2197,4,242,2,4,2
"2017-09-22 15:47:20.202",1506088040202,55,67,51,68,-1053,-49,110,2028,5,212,2,1,2
"2017-09-22 15:47:20.250",1506088040250,49,65,52,169,-1095,-51,101,2193,6,121,1,2,1
"2017-09-22 15:47:20.298",1506088040298,54,58,67,66,-1011,37,161,2167,7,243,2,4,3
"2017-09-22 15:47:20.352",1506088040352,39,49,51,180,-1090,-34,46,2132,8,151,1,5,1
"2017-09-22 15:47:20.400",1506088040400,50,66,62,81,-1030,37,86,2228,9,231,2,3,1
"2017-09-22 15:47:20.452",1506088040452,60,71,55,72,-1086,-63,86,2216,10,222,2,2,2
"2017-09-22 15:47:20.498",1506088040498,57,75,50,64,-1053,-51,82,-24393,11,223,2,2,3
"2017-09-22 15:47:20.547",1506088040547,60,69,56,63,-1037,-18,53,2190,12,213,2,1,3
"2017-09-22 15:47:20.598",1506088040598,63,66,61,143,-1085,-42,85,2173,13,123,1,2,3
"2017-09-22 15:47:20.649",1506088040649,59,57,63,95,-1058,-47,41,2158,14,252,2,5,2
"2017-09-22 15:47:20.701",1506088040701,52,60,53,182,-1093,-30,102,2143,15,153,1,5,3
"2017-09-22 15:47:20.749",1506088040749,53,64,62,60,-1058,-31,110,2112,16,233,2,3,3
"2017-09-22 15:47:20.803",1506088040803,57,69,61,157,-1102,-47,130,2194,17,122,1,2,2
"2017-09-22 15:47:20.854",1506088040854,65,71,61,80,-1054,-46,122,2210,18,221,2,2,1
"2017-09-22 15:47:20.898",1506088040898,50,62,50,155,-1038,69,58,2310,19,111,1,1,1
"2017-09-22 15:47:20.957",1506088040957,56,66,64,181,-1072,6,111,2232,20,141,1,4,1
"2017-09-22 15:47:20.997",1506088040997,54,61,64,188,-1058,-31,95,2209,21,199,1,9,9
"2017-09-22 15:47:21.051",1506088041051,58,58,58,59,-1051,-43,121,2224,22,299,2,9,9
"2017-09-22 15:47:22.066",1506088042066,55,63,65,168,-1106,-20,95,2223,1,132,1,3,2
"2017-09-22 15:47:22.120",1506088042120,68,59,35,146,-1030,10,93,2259,2,112,1,1,2
"2017-09-22 15:47:22.169",1506088042169,46,53,65,192,-1086,-57,132,2133,3,152,1,5,2
"2017-09-22 15:47:22.218",1506088042218,53,53,63,76,-1077,5,105,2197,4,242,2,4,2
"2017-09-22 15:47:22.272",1506088042272,56,67,50,68,-1048,-47,108,2028,5,212,2,1,2
"2017-09-22 15:47:22.318",1506088042318,48,65,52,169,-1093,-54,102,2187,6,121,1,2,1
"2017-09-22 15:47:22.369",1506088042369,53,58,67,66,-1014,36,158,2167,7,243,2,4,3
"2017-09-22 15:47:22.421",1506088042421,39,49,52,180,-1091,-34,50,2126,8,151,1,5,1
"2017-09-22 15:47:22.468",1506088042468,50,65,62,81,-1032,42,86,2241,9,231,2,3,1
"2017-09-22 15:47:22.523",1506088042523,61,72,55,72,-1093,-67,87,2216,10,222,2,2,2
"2017-09-22 15:47:22.569",1506088042569,56,74,50,64,-1051,-51,86,-24393,11,223,2,2,3
"2017-09-22 15:47:22.619",1506088042619,60,68,56,63,-1037,-17,53,2209,12,213,2,1,3
"2017-09-22 15:47:22.669",1506088042669,63,65,61,143,-1086,-38,85,2173,13,123,1,2,3
"2017-09-22 15:47:22.719",1506088042719,59,57,63,95,-1054,-54,46,2177,14,252,2,5,2
"2017-09-22 15:47:22.773",1506088042773,52,61,53,182,-1093,-34,105,2143,15,153,1,5,3
"2017-09-22 15:47:22.820",1506088042820,53,63,62,60,-1056,-33,110,2132,16,233,2,3,3
"2017-09-22 15:47:22.874",1506088042874,57,68,61,157,-1099,-51,125,2194,17,122,1,2,2
"2017-09-22 15:47:22.921",1506088042921,64,70,61,80,-1054,-43,121,2210,18,221,2,2,1
"2017-09-22 15:47:22.970",1506088042970,50,63,49,156,-1039,69,60,2290,19,111,1,1,1
"2017-09-22 15:47:23.028",1506088043028,57,67,64,181,-1074,7,110,2219,20,141,1,4,1
"2017-09-22 15:47:23.070",1506088043070,53,62,64,188,-1058,-31,97,2202,21,199,1,9,9
"2017-09-22 15:47:23.124",1506088043124,57,58,59,59,-1051,-43,127,2237,22,299,2,9,9
"2017-09-22 15:47:24.139",1506088044139,55,64,66,168,-1103,-27,93,2249,1,132,1,3,2
"2017-09-22 15:47:24.191",1506088044191,69,59,36,146,-1030,9,87,2259,2,112,1,1,2
"2017-09-22 15:47:24.240",1506088044240,45,55,65,192,-1087,-59,132,2159,3,152,1,5,2
"2017-09-22 15:47:24.289",1506088044289,54,54,63,76,-1074,5,102,2197,4,242,2,4,2
"2017-09-22 15:47:24.343",1506088044343,56,67,51,68,-1051,-50,106,2048,5,212,2,1,2
"2017-09-22 15:47:24.389",1506088044389,50,65,52,169,-1096,-54,95,2200,6,121,1,2,1
"2017-09-22 15:47:24.443",1506088044443,55,58,66,66,-1010,33,166,2167,7,243,2,4,3
"2017-09-22 15:47:24.493",1506088044493,40,49,52,180,-1090,-38,55,2132,8,151,1,5,1
"2017-09-22 15:47:24.538",1506088044538,50,66,62,81,-1034,41,89,2222,9,231,2,3,1
"2017-09-22 15:47:24.593",1506088044593,61,71,55,72,-1086,-66,100,2229,10,222,2,2,2
"2017-09-22 15:47:24.641",1506088044641,57,75,50,64,-1054,-51,87,-24393,11,223,2,2,3
"2017-09-22 15:47:24.692",1506088044692,60,69,56,63,-1035,-18,57,2216,12,213,2,1,3
"2017-09-22 15:47:24.740",1506088044740,63,66,61,143,-1086,-34,86,2186,13,123,1,2,3
"2017-09-22 15:47:24.791",1506088044791,59,57,63,95,-1051,-51,45,2177,14,252,2,5,2
"2017-09-22 15:47:24.843",1506088044843,52,60,53,182,-1094,-35,101,2143,15,153,1,5,3
"2017-09-22 15:47:24.892",1506088044892,53,63,62,60,-1064,-27,108,2151,16,233,2,3,3
"2017-09-22 15:47:24.946",1506088044946,57,69,60,157,-1102,-50,121,2194,17,122,1,2,2
"2017-09-22 15:47:24.995",1506088044995,65,71,61,80,-1055,-42,121,2210,18,221,2,2,1
"2017-09-22 15:47:25.041",1506088045041,50,62,49,155,-1039,69,57,2316,19,111,1,1,1
"2017-09-22 15:47:25.099",1506088045099,56,66,65,181,-1075,7,108,2232,20,141,1,4,1
"2017-09-22 15:47:25.141",1506088045141,54,61,64,188,-1059,-28,100,2209,21,199,1,9,9
"2017-09-22 15:47:25.196",1506088045196,57,58,58,59,-1051,-43,121,2224,22,299,2,9,9
"2017-09-22 15:47:26.209",1506088046209,55,63,65,168,-1106,-19,94,2256,1,132,1,3,2
"2017-09-22 15:47:26.262",1506088046262,69,60,35,146,-1037,10,92,2259,2,112,1,1,2
"2017-09-22 15:47:26.309",1506088046309,46,54,65,192,-1087,-54,137,2166,3,152,1,5,2
"2017-09-22 15:47:26.360",1506088046360,54,53,63,76,-1078,5,103,2197,4,242,2,4,2
"2017-09-22 15:47:26.414",1506088046414,57,66,50,68,-1053,-42,111,2041,5,212,2,1,2
"2017-09-22 15:47:26.461",1506088046461,49,65,51,169,-1093,-51,100,2193,6,121,1,2,1
"2017-09-22 15:47:26.512",1506088046512,54,57,66,66,-1010,33,166,2161,7,243,2,4,3
"2017-09-22 15:47:26.563",1506088046563,39,49,52,180,-1087,-33,53,2139,8,151,1,5,1
"2017-09-22 15:47:26.612",1506088046612,50,66,61,81,-1031,38,93,2254,9,231,2,3,1
"2017-09-22 15:47:26.664",1506088046664,61,71,56,72,-1087,-67,93,2229,10,222,2,2,2
"2017-09-22 15:47:26.713",1506088046713,57,75,50,64,-1047,-54,86,-24400,11,223,2,2,3
"2017-09-22 15:47:26.761",1506088046761,61,69,56,63,-1035,-15,58,2216,12,213,2,1,3
"2017-09-22 15:47:26.809",1506088046809,63,66,61,143,-1090,-38,82,2173,13,123,1,2,3
"2017-09-22 15:47:26.862",1506088046862,59,57,63,95,-1053,-54,42,2171,14,252,2,5,2
"2017-09-22 15:47:26.915",1506088046915,52,61,53,182,-1090,-31,100,2143,15,153,1,5,3
"2017-09-22 15:47:26.961",1506088046961,53,64,62,60,-1063,-28,103,2151,16,233,2,3,3
"2017-09-22 15:47:27.018",1506088047018,57,68,61,157,-1099,-51,124,2194,17,122,1,2,2
"2017-09-22 15:47:27.065",1506088047065,65,71,61,80,-1054,-42,122,2216,18,221,2,2,1
"2017-09-22 15:47:27.112",1506088047112,50,62,49,155,-1039,65,62,2290,19,111,1,1,1
"2017-09-22 15:47:27.171",1506088047171,56,67,64,181,-1071,9,111,2239,20,141,1,4,1
"2017-09-22 15:47:27.212",1506088047212,52,63,64,188,-1062,-27,96,2209,21,199,1,9,9
"2017-09-22 15:47:27.267",1506088047267,57,58,58,59,-1051,-42,122,2224,22,299,2,9,9
"2017-09-22 15:47:28.282",1506088048282,54,64,65,168,-1106,-19,93,2243,1,132,1,3,2
"2017-09-22 15:47:28.333",1506088048333,68,59,35,146,-1034,9,92,2240,2,112,1,1,2
"2017-09-22 15:47:28.383",1506088048383,45,54,65,192,-1090,-54,134,2153,3,152,1,5,2
"2017-09-22 15:47:28.432",1506088048432,54,53,64,76,-1078,10,105,2216,4,242,2,4,2
"2017-09-22 15:47:28.485",1506088048485,56,67,51,68,-1051,-49,102,2022,5,212,2,1,2
"2017-09-22 15:47:28.532",1506088048532,49,65,51,169,-1099,-59,102,2193,6,121,1,2,1
"2017-09-22 15:47:28.583",1506088048583,55,59,66,66,-1010,33,159,2161,7,243,2,4,3
"2017-09-22 15:47:28.636",1506088048636,39,50,52,180,-1091,-34,53,2126,8,151,1,5,1
"2017-09-22 15:47:28.680",1506088048680,51,66,62,81,-1030,41,97,2228,9,231,2,3,1
"2017-09-22 15:47:28.735",1506088048735,60,71,55,72,-1087,-66,89,2229,10,222,2,2,2
"2017-09-22 15:47:28.783",1506088048783,57,74,49,64,-1051,-52,82,-24413,11,223,2,2,3
"2017-09-22 15:47:28.831",1506088048831,60,69,56,63,-1038,-18,58,2190,12,213,2,1,3
"2017-09-22 15:47:28.884",1506088048884,63,66,61,143,-1086,-38,86,2193,13,123,1,2,3
"2017-09-22 15:47:28.931",1506088048931,59,58,63,95,-1053,-52,38,2177,14,252,2,5,2
"2017-09-22 15:47:28.986",1506088048986,52,61,52,182,-1094,-35,103,2156,15,153,1,5,3
"2017-09-22 15:47:29.035",1506088049035,54,64,62,60,-1063,-33,109,2125,16,233,2,3,3
"2017-09-22 15:47:29.089",1506088049089,57,69,60,157,-1099,-47,119,2194,17,122,1,2,2
"2017-09-22 15:47:29.136",1506088049136,65,71,61,80,-1051,-46,117,2236,18,221,2,2,1
"2017-09-22 15:47:29.181",1506088049181,50,62,49,155,-1038,65,61,2310,19,111,1,1,1
"2017-09-22 15:47:29.243",1506088049243,56,67,64,181,-1070,9,110,2213,20,141,1,4,1
"2017-09-22 15:47:29.280",1506088049280,54,61,64,188,-1061,-31,93,2202,21,199,1,9,9
"2017-09-22 15:47:29.338",1506088049338,57,58,58,59,-1051,-44,130,2224,22,299,2,9,9
"2017-09-22 15:47:30.351",1506088050351,55,63,65,168,-1107,-22,92,2256,1,132,1,3,2
"2017-09-22 15:47:30.404",1506088050404,68,60,36,146,-1038,13,93,2253,2,112,1,1,2
"2017-09-22 15:47:30.454",1506088050454,46,54,65,192,-1088,-54,125,2166,3,152,1,5,2
"2017-09-22 15:47:30.504",1506088050504,54,54,63,76,-1074,9,102,2203,4,242,2,4,2
"2017-09-22 15:47:30.556",1506088050556,56,66,51,68,-1051,-50,108,2022,5,212,2,1,2
"2017-09-22 15:47:30.603",1506088050603,49,65,52,169,-1093,-54,105,2174,6,121,1,2,1
"2017-09-22 15:47:30.654",1506088050654,54,57,67,66,-1015,37,159,2148,7,243,2,4,3
"2017-09-22 15:47:30.707",1506088050707,38,49,52,180,-1090,-34,53,2139,8,151,1,5,1
"2017-09-22 15:47:30.754",1506088050754,50,66,62,81,-1030,41,94,2254,9,231,2,3,1
"2017-09-22 15:47:30.809",1506088050809,61,71,55,72,-1087,-65,92,2249,10,222,2,2,2
"2017-09-22 15:47:30.853",1506088050853,57,74,49,64,-1048,-51,86,-24393,11,223,2,2,3
"2017-09-22 15:47:30.904",1506088050904,60,68,57,63,-1035,-18,53,2190,12,213,2,1,3
"2017-09-22 15:47:30.954",1506088050954,63,66,61,143,-1080,-42,79,2173,13,123,1,2,3
"2017-09-22 15:47:31.002",1506088051002,59,57,63,95,-1051,-51,42,2177,14,252,2,5,2
"2017-09-22 15:47:31.059",1506088051059,52,61,53,182,-1095,-34,101,2156,15,153,1,5,3
"2017-09-22 15:47:31.105",1506088051105,53,63,62,60,-1062,-27,105,2132,16,233,2,3,3
"2017-09-22 15:47:31.158",1506088051158,57,68,60,157,-1103,-50,129,2194,17,122,1,2,2
"2017-09-22 15:47:31.205",1506088051205,65,71,61,80,-1054,-44,116,2216,18,221,2,2,1
"2017-09-22 15:47:31.251",1506088051251,49,62,49,156,-1042,73,58,2290,19,111,1,1,1
"2017-09-22 15:47:31.311",1506088051311,56,66,64,181,-1074,7,108,2232,20,141,1,4,1
"2017-09-22 15:47:31.353",1506088051353,53,61,64,188,-1058,-33,94,2202,21,199,1,9,9
"2017-09-22 15:47:31.408",1506088051408,57,58,58,59,-1054,-42,126,2224,22,299,2,9,9
"2017-09-22 15:47:32.424",1506088052424,55,64,66,168,-1106,-26,94,2249,1,132,1,3,2
"2017-09-22 15:47:32.471",1506088052471,68,59,36,146,-1039,12,93,2240,2,112,1,1,2
"2017-09-22 15:47:32.523",1506088052523,45,53,65,192,-1090,-57,130,2159,3,152,1,5,2
"2017-09-22 15:47:32.574",1506088052574,54,53,64,76,-1074,10,105,2197,4,242,2,4,2
"2017-09-22 15:47:32.627",1506088052627,56,67,51,68,-1053,-50,108,2048,5,212,2,1,2
"2017-09-22 15:47:32.672",1506088052672,50,65,52,169,-1096,-54,102,2200,6,121,1,2,1
"2017-09-22 15:47:32.725",1506088052725,54,57,67,66,-1010,36,166,2174,7,243,2,4,3
"2017-09-22 15:47:32.775",1506088052775,39,49,51,180,-1093,-31,52,2139,8,151,1,5,1
"2017-09-22 15:47:32.824",1506088052824,51,65,62,81,-1030,42,93,2228,9,231,2,3,1
"2017-09-22 15:47:32.876",1506088052876,61,71,55,72,-1087,-65,87,2223,10,222,2,2,2
"2017-09-22 15:47:32.923",1506088052923,56,75,50,64,-1054,-51,85,-24393,11,223,2,2,3
"2017-09-22 15:47:32.975",1506088052975,60,69,55,63,-1034,-18,53,2190,12,213,2,1,3
"2017-09-22 15:47:33.024",1506088053024,63,66,61,143,-1086,-41,86,2193,13,123,1,2,3
"2017-09-22 15:47:33.073",1506088053073,59,57,63,95,-1054,-48,40,2171,14,252,2,5,2
"2017-09-22 15:47:33.127",1506088053127,51,60,53,182,-1094,-34,101,2137,15,153,1,5,3
"2017-09-22 15:47:33.176",1506088053176,53,63,62,60,-1064,-27,106,2132,16,233,2,3,3
"2017-09-22 15:47:33.231",1506088053231,58,68,61,157,-1099,-51,122,2194,17,122,1,2,2
"2017-09-22 15:47:33.276",1506088053276,64,72,61,80,-1051,-44,121,2229,18,221,2,2,1
"2017-09-22 15:47:33.324",1506088053324,50,62,49,155,-1039,66,54,2316,19,111,1,1,1
"2017-09-22 15:47:33.382",1506088053382,57,67,64,181,-1070,6,113,2232,20,141,1,4,1
"2017-09-22 15:47:33.425",1506088053425,54,61,64,188,-1058,-33,95,2209,21,199,1,9,9
"2017-09-22 15:47:33.477",1506088053477,57,59,59,59,-1048,-47,118,2224,22,299,2,9,9
"2017-09-22 15:47:34.495",1506088054495,54,64,65,168,-1106,-23,93,2256,1,132,1,3,2
"2017-09-22 15:47:34.544",1506088054544,68,60,37,146,-1038,13,90,2259,2,112,1,1,2
"2017-09-22 15:47:34.594",1506088054594,46,54,66,192,-1087,-59,130,2166,3,152,1,5,2
"2017-09-22 15:47:34.645",1506088054645,54,53,63,76,-1077,9,109,2216,4,242,2,4,2
"2017-09-22 15:47:34.696",1506088054696,56,67,51,68,-1058,-46,113,2048,5,212,2,1,2
"2017-09-22 15:47:34.745",1506088054745,49,65,51,169,-1093,-54,97,2174,6,121,1,2,1
"2017-09-22 15:47:34.797",1506088054797,53,57,66,66,-1011,37,162,2167,7,243,2,4,3
"2017-09-22 15:47:34.848",1506088054848,39,49,51,180,-1088,-33,53,2139,8,151,1,5,1
"2017-09-22 15:47:34.895",1506088054895,50,66,61,81,-1032,38,93,2228,9,231,2,3,1
"2017-09-22 15:47:34.948",1506088054948,61,71,55,72,-1090,-63,87,2229,10,222,2,2,2
"2017-09-22 15:47:34.995",1506088054995,57,75,50,64,-1051,-52,85,-24393,11,223,2,2,3
"2017-09-22 15:47:35.044",1506088055044,60,68,56,63,-1032,-15,54,2190,12,213,2,1,3
"2017-09-22 15:47:35.096",1506088055096,63,65,61,143,-1086,-41,93,2193,13,123,1,2,3
"2017-09-22 15:47:35.143",1506088055143,59,57,64,95,-1055,-54,44,2171,14,252,2,5,2
"2017-09-22 15:47:35.200",1506088055200,52,61,53,182,-1093,-31,105,2137,15,153,1,5,3
"2017-09-22 15:47:35.245",1506088055245,53,64,63,60,-1062,-27,114,2132,16,233,2,3,3
"2017-09-22 15:47:35.299",1506088055299,57,68,61,157,-1102,-49,122,2188,17,122,1,2,2
"2017-09-22 15:47:35.349",1506088055349,65,71,61,80,-1054,-42,114,2210,18,221,2,2,1
"2017-09-22 15:47:35.395",1506088055395,50,62,49,155,-1040,65,54,2310,19,111,1,1,1
"2017-09-22 15:47:35.455",1506088055455,56,66,64,181,-1071,5,108,2219,20,141,1,4,1
"2017-09-22 15:47:35.496",1506088055496,53,61,64,188,-1061,-28,97,2215,21,199,1,9,9
"2017-09-22 15:47:35.550",1506088055550,57,58,59,59,-1053,-43,125,2224,22,299,2,9,9
"2017-09-22 15:47:36.565",1506088056565,54,64,65,168,-1104,-19,93,2256,1,132,1,3,2
"2017-09-22 15:47:36.615",1506088056615,68,59,35,146,-1035,10,92,2253,2,112,1,1,2
"2017-09-22 15:47:36.668",1506088056668,45,54,66,192,-1085,-54,132,2159,3,152,1,5,2
"2017-09-22 15:47:36.717",1506088056717,55,53,63,76,-1078,6,109,2197,4,242,2,4,2
"2017-09-22 15:47:36.770",1506088056770,57,66,51,68,-1054,-44,111,2022,5,212,2,1,2
"2017-09-22 15:47:36.817",1506088056817,50,64,52,169,-1094,-54,101,2193,6,121,1,2,1
"2017-09-22 15:47:36.868",1506088056868,54,58,66,66,-1014,33,162,2161,7,243,2,4,3
"2017-09-22 15:47:36.919",1506088056919,40,49,51,180,-1090,-34,57,2139,8,151,1,5,1
"2017-09-22 15:47:36.966",1506088056966,51,66,62,81,-1031,42,93,2254,9,231,2,3,1
"2017-09-22 15:47:37.021",1506088057021,61,72,55,72,-1086,-66,93,2229,10,222,2,2,2
"2017-09-22 15:47:37.067",1506088057067,57,75,50,64,-1051,-47,90,-24393,11,223,2,2,3
"2017-09-22 15:47:37.117",1506088057117,60,69,56,63,-1035,-17,47,2190,12,213,2,1,3
"2017-09-22 15:47:37.166",1506088057166,63,66,61,143,-1088,-38,78,2173,13,123,1,2,3
"2017-09-22 15:47:37.217",1506088057217,59,57,63,95,-1054,-52,46,2177,14,252,2,5,2
"2017-09-22 15:47:37.272",1506088057272,52,60,53,182,-1090,-35,100,2137,15,153,1,5,3
"2017-09-22 15:47:37.316",1506088057316,53,64,61,60,-1062,-28,110,2125,16,233,2,3,3
"2017-09-22 15:47:37.374",1506088057374,57,69,60,157,-1099,-47,126,2194,17,122,1,2,2
"2017-09-22 15:47:37.422",1506088057422,64,71,61,80,-1058,-41,126,2223,18,221,2,2,1
"2017-09-22 15:47:37.465",1506088057465,50,62,49,155,-1040,63,54,2290,19,111,1,1,1
"2017-09-22 15:47:37.525",1506088057525,56,66,64,181,-1071,5,113,2219,20,141,1,4,1
"2017-09-22 15:47:37.568",1506088057568,54,61,64,188,-1061,-31,93,2209,21,199,1,9,9
"2017-09-22 15:47:37.621",1506088057621,57,58,58,59,-1054,-41,124,2224,22,299,2,9,9
"2017-09-22 15:47:38.636",1506088058636,55,63,65,168,-1106,-22,97,2243,1,132,1,3,2
"2017-09-22 15:47:38.687",1506088058687,69,58,38,146,-1039,12,86,2240,2,112,1,1,2
"2017-09-22 15:47:38.736",1506088058736,45,54,65,192,-1087,-57,125,2166,3,152,1,5,2
"2017-09-22 15:47:38.786",1506088058786,54,54,63,76,-1078,12,109,2197,4,242,2,4,2
"2017-09-22 15:47:38.839",1506088058839,55,67,51,68,-1056,-44,114,2048,5,212,2,1,2
"2017-09-22 15:47:38.888",1506088058888,49,65,52,169,-1094,-54,98,2200,6,121,1,2,1
"2017-09-22 15:47:38.938",1506088058938,54,57,67,66,-1011,33,167,2167,7,243,2,4,3
"2017-09-22 15:47:38.990",1506088058990,40,49,52,180,-1090,-33,47,2139,8,151,1,5,1
"2017-09-22 15:47:39.037",1506088059037,50,67,61,81,-1029,36,92,2228,9,231,2,3,1
"2017-09-22 15:47:39.090",1506088059090,61,71,55,72,-1088,-68,93,2229,10,222,2,2,2
"2017-09-22 15:47:39.139",1506088059139,57,74,49,64,-1051,-54,78,-24393,11,223,2,2,3
"2017-09-22 15:47:39.188",1506088059188,60,68,55,63,-1032,-18,50,2196,12,213,2,1,3
"2017-09-22 15:47:39.235",1506088059235,63,65,61,143,-1087,-38,89,2193,13,123,1,2,3
"2017-09-22 15:47:39.288",1506088059288,59,57,63,95,-1054,-52,44,2177,14,252,2,5,2
"2017-09-22 15:47:39.339",1506088059339,52,61,54,182,-1090,-38,100,2137,15,153,1,5,3
"2017-09-22 15:47:39.386",1506088059386,53,64,62,60,-1062,-27,108,2132,16,233,2,3,3
"2017-09-22 15:47:39.441",1506088059441,57,68,62,157,-1102,-47,124,2194,17,122,1,2,2
"2017-09-22 15:47:39.490",1506088059490,64,72,61,80,-1055,-42,125,2236,18,221,2,2,1
"2017-09-22 15:47:39.537",1506088059537,50,62,50,155,-1038,66,60,2323,19,111,1,1,1
"2017-09-22 15:47:39.594",1506088059594,56,67,64,181,-1071,5,111,2232,20,141,1,4,1
"2017-09-22 15:47:39.638",1506088059638,53,61,65,188,-1063,-28,90,2228,21,199,1,9,9
"2017-09-22 15:47:39.693",1506088059693,58,58,59,59,-1054,-44,126,2224,22,299,2,9,9
"2017-09-22 15:47:40.708",1506088060708,54,63,66,168,-1104,-22,89,2256,1,132,1,3,2
"2017-09-22 15:47:40.758",1506088060758,68,59,36,146,-1035,10,89,2240,2,112,1,1,2
"2017-09-22 15:47:40.805",1506088060805,46,53,65,192,-1086,-57,137,2166,3,152,1,5,2
"2017-09-22 15:47:40.859",1506088060859,54,53,63,76,-1074,7,101,2216,4,242,2,4,2
"2017-09-22 15:47:40.909",1506088060909,56,67,50,68,-1051,-47,110,2048,5,212,2,1,2
"2017-09-22 15:47:40.959",1506088060959,50,65,51,169,-1099,-51,98,2187,6,121,1,2,1
"2017-09-22 15:47:41.008",1506088061008,55,57,67,66,-1014,33,162,2167,7,243,2,4,3
"2017-09-22 15:47:41.061",1506088061061,39,49,52,180,-1088,-30,50,2126,8,151,1,5,1
"2017-09-22 15:47:41.107",1506088061107,50,66,61,81,-1030,39,94,2222,9,231,2,3,1
"2017-09-22 15:47:41.160",1506088061160,61,71,54,72,-1087,-68,89,2236,10,222,2,2,2
"2017-09-22 15:47:41.208",1506088061208,57,74,50,64,-1053,-51,84,-24393,11,223,2,2,3
"2017-09-22 15:47:41.259",1506088061259,60,69,56,63,-1038,-18,53,2190,12,213,2,1,3
"2017-09-22 15:47:41.307",1506088061307,63,66,62,143,-1086,-41,89,2193,13,123,1,2,3
"2017-09-22 15:47:41.359",1506088061359,59,57,63,95,-1051,-57,39,2177,14,252,2,5,2
"2017-09-22 15:47:41.412",1506088061412,51,60,53,182,-1094,-34,106,2156,15,153,1,5,3
"2017-09-22 15:47:41.460",1506088061460,53,64,61,60,-1061,-30,114,2132,16,233,2,3,3
"2017-09-22 15:47:41.515",1506088061515,57,69,60,157,-1102,-47,117,2188,17,122,1,2,2
"2017-09-22 15:47:41.562",1506088061562,64,71,61,80,-1054,-43,121,2216,18,221,2,2,1
"2017-09-22 15:47:41.609",1506088061609,50,62,49,156,-1038,68,62,2316,19,111,1,1,1
"2017-09-22 15:47:41.667",1506088061667,56,66,64,181,-1073,5,109,2232,20,141,1,4,1
"2017-09-22 15:47:41.709",1506088061709,55,61,64,188,-1059,-28,93,2202,21,199,1,9,9
"2017-09-22 15:47:41.761",1506088061761,57,58,58,59,-1054,-44,129,2218,22,299,2,9,9
"2017-09-22 15:47:42.779",1506088062779,54,63,65,168,-1109,-18,89,2243,1,132,1,3,2
"2017-09-22 15:47:42.829",1506088062829,69,59,37,146,-1037,13,89,2240,2,112,1,1,2
"2017-09-22 15:47:42.879",1506088062879,45,54,65,192,-1088,-55,133,2140,3,152,1,5,2
"2017-09-22 15:47:42.928",1506088062928,54,54,63,76,-1077,10,106,2203,4,242,2,4,2
"2017-09-22 15:47:42.980",1506088062980,56,67,50,68,-1051,-47,105,2028,5,212,2,1,2
"2017-09-22 15:47:43.028",1506088063028,49,65,51,169,-1094,-59,95,2187,6,121,1,2,1
"2017-09-22 15:47:43.078",1506088063078,53,57,67,66,-1010,36,167,2161,7,243,2,4,3
"2017-09-22 15:47:43.132",1506088063132,39,49,52,180,-1091,-31,53,2126,8,151,1,5,1
"2017-09-22 15:47:43.178",1506088063178,50,66,61,81,-1031,42,93,2209,9,231,2,3,1
"2017-09-22 15:47:43.232",1506088063232,60,72,55,72,-1087,-67,95,2229,10,222,2,2,2
"2017-09-22 15:47:43.278",1506088063278,57,75,50,64,-1051,-51,82,-24393,11,223,2,2,3
"2017-09-22 15:47:43.330",1506088063330,60,69,57,63,-1037,-18,53,2196,12,213,2,1,3
"2017-09-22 15:47:43.379",1506088063379,63,65,61,143,-1088,-38,79,2193,13,123,1,2,3
"2017-09-22 15:47:43.429",1506088063429,58,57,63,95,-1056,-54,41,2177,14,252,2,5,2
"2017-09-22 15:47:43.483",1506088063483,52,61,54,182,-1091,-31,100,2137,15,153,1,5,3
"2017-09-22 15:47:43.529",1506088063529,53,64,62,60,-1062,-27,108,2132,16,233,2,3,3
"2017-09-22 15:47:43.586",1506088063586,57,69,61,157,-1106,-47,119,2194,17,122,1,2,2
"2017-09-22 15:47:43.633",1506088063633,65,72,61,80,-1055,-43,119,2236,18,221,2,2,1
"2017-09-22 15:47:43.677",1506088063677,50,62,49,155,-1040,69,53,2310,19,111,1,1,1
"2017-09-22 15:47:43.737",1506088063737,56,67,64,181,-1078,5,108,2219,20,141,1,4,1
"2017-09-22 15:47:43.780",1506088063780,53,61,64,188,-1062,-26,98,2209,21,199,1,9,9
"2017-09-22 15:47:43.833",1506088063833,57,57,58,59,-1054,-49,121,2224,22,299,2,9,9
"2017-09-22 15:47:44.849",1506088064849,54,64,65,168,-1106,-22,101,2243,1,132,1,3,2
"2017-09-22 15:47:44.898",1506088064898,68,59,37,146,-1035,7,92,2259,2,112,1,1,2
"2017-09-22 15:47:44.950",1506088064950,46,54,65,192,-1088,-55,124,2166,3,152,1,5,2
"2017-09-22 15:47:45.000",1506088065000,55,53,63,76,-1078,10,109,2197,4,242,2,4,2
"2017-09-22 15:47:45.050",1506088065050,56,67,51,68,-1054,-47,110,2048,5,212,2,1,2
"2017-09-22 15:47:45.101",1506088065101,49,65,51,169,-1095,-54,103,2187,6,121,1,2,1
"2017-09-22 15:47:45.150",1506088065150,54,58,66,66,-1014,31,172,2167,7,243,2,4,3
"2017-09-22 15:47:45.204",1506088065204,39,49,52,180,-1090,-31,55,2139,8,151,1,5,1
"2017-09-22 15:47:45.249",1506088065249,51,66,61,81,-1034,42,92,2228,9,231,2,3,1
"2017-09-22 15:47:45.305",1506088065305,61,71,55,72,-1088,-66,87,2236,10,222,2,2,2
"2017-09-22 15:47:45.351",1506088065351,56,75,49,64,-1051,-52,84,-24400,11,223,2,2,3
"2017-09-22 15:47:45.401",1506088065401,60,69,56,63,-1035,-17,52,2216,12,213,2,1,3
"2017-09-22 15:47:45.450",1506088065450,63,66,62,143,-1085,-42,84,2193,13,123,1,2,3
"2017-09-22 15:47:45.500",1506088065500,59,57,63,95,-1051,-52,42,2171,14,252,2,5,2
"2017-09-22 15:47:45.554",1506088065554,52,61,53,182,-1093,-34,102,2143,15,153,1,5,3
"2017-09-22 15:47:45.601",1506088065601,53,63,62,60,-1062,-28,110,2132,16,233,2,3,3
"2017-09-22 15:47:45.656",1506088065656,57,69,61,157,-1099,-51,121,2194,17,122,1,2,2
"2017-09-22 15:47:45.701",1506088065701,64,71,61,80,-1053,-44,121,2210,18,221,2,2,1
"2017-09-22 15:47:45.750",1506088065750,49,62,49,155,-1038,68,52,2316,19,111,1,1,1
"2017-09-22 15:47:45.811",1506088065811,56,66,64,181,-1071,1,106,2219,20,141,1,4,1
"2017-09-22 15:47:45.851",1506088065851,54,61,64,188,-1062,-31,92,2215,21,199,1,9,9
"2017-09-22 15:47:45.902",1506088065902,57,59,59,59,-1051,-42,125,2224,22,299,2,9,9
"2017-09-22 15:47:46.921",1506088066921,55,63,65,168,-1110,-20,93,2249,1,132,1,3,2
"2017-09-22 15:47:46.969",1506088066969,68,59,38,146,-1038,9,95,2253,2,112,1,1,2
"2017-09-22 15:47:47.020",1506088067020,46,54,65,192,-1093,-59,132,2153,3,152,1,5,2
"2017-09-22 15:47:47.072",1506088067072,55,54,63,76,-1077,12,105,2197,4,242,2,4,2
"2017-09-22 15:47:47.122",1506088067122,56,66,51,68,-1048,-49,110,2022,5,212,2,1,2
"2017-09-22 15:47:47.170",1506088067170,49,65,52,169,-1096,-55,102,2200,6,121,1,2,1
"2017-09-22 15:47:47.220",1506088067220,53,57,67,66,-1007,36,158,2148,7,243,2,4,3
"2017-09-22 15:47:47.273",1506088067273,39,49,52,180,-1094,-34,49,2139,8,151,1,5,1
"2017-09-22 15:47:47.319",1506088067319,51,67,61,81,-1032,37,93,2228,9,231,2,3,1
"2017-09-22 15:47:47.374",1506088067374,60,71,55,72,-1087,-67,93,2229,10,222,2,2,2
"2017-09-22 15:47:47.422",1506088067422,56,75,49,64,-1051,-52,86,-24400,11,223,2,2,3
"2017-09-22 15:47:47.469",1506088067469,60,69,56,63,-1037,-18,53,2183,12,213,2,1,3
"2017-09-22 15:47:47.520",1506088067520,63,66,62,143,-1085,-38,84,2193,13,123,1,2,3
"2017-09-22 15:47:47.571",1506088067571,59,57,63,95,-1054,-51,44,2177,14,252,2,5,2
"2017-09-22 15:47:47.622",1506088067622,52,61,54,182,-1088,-34,105,2176,15,153,1,5,3
"2017-09-22 15:47:47.670",1506088067670,53,64,62,60,-1062,-31,110,2145,16,233,2,3,3
"2017-09-22 15:47:47.727",1506088067727,57,69,61,157,-1098,-47,122,2188,17,122,1,2,2
"2017-09-22 15:47:47.773",1506088067773,65,71,61,80,-1056,-44,121,2210,18,221,2,2,1
"2017-09-22 15:47:47.821",1506088067821,49,62,49,155,-1040,65,57,2310,19,111,1,1,1
"2017-09-22 15:47:47.881",1506088067881,56,66,64,181,-1070,5,114,2219,20,141,1,4,1
"2017-09-22 15:47:47.919",1506088067919,53,61,64,188,-1062,-27,92,2215,21,199,1,9,9
"2017-09-22 15:47:47.977",1506088067977,57,57,58,59,-1051,-47,125,2205,22,299,2,9,9
"2017-09-22 15:47:48.991",1506088068991,54,63,65,168,-1104,-18,98,2249,1,132,1,3,2
"2017-09-22 15:47:49.042",1506088069042,68,59,36,146,-1038,12,98,2266,2,112,1,1,2
"2017-09-22 15:47:49.092",1506088069092,46,54,65,192,-1090,-54,130,2153,3,152,1,5,2
"2017-09-22 15:47:49.143",1506088069143,55,53,63,76,-1071,5,105,2197,4,242,2,4,2
"2017-09-22 15:47:49.191",1506088069191,56,66,50,68,-1051,-44,108,2048,5,212,2,1,2
"2017-09-22 15:47:49.242",1506088069242,49,65,52,169,-1095,-54,105,2193,6,121,1,2,1
"2017-09-22 15:47:49.291",1506088069291,54,58,67,66,-1010,31,165,2148,7,243,2,4,3
"2017-09-22 15:47:49.345",1506088069345,38,49,52,180,-1088,-34,49,2126,8,151,1,5,1
"2017-09-22 15:47:49.393",1506088069393,51,66,61,81,-1030,42,94,2228,9,231,2,3,1
"2017-09-22 15:47:49.446",1506088069446,60,72,55,72,-1088,-63,86,2229,10,222,2,2,2
"2017-09-22 15:47:49.492",1506088069492,57,75,50,64,-1053,-51,85,-24387,11,223,2,2,3
"2017-09-22 15:47:49.543",1506088069543,60,69,56,63,-1035,-20,57,2183,12,213,2,1,3
"2017-09-22 15:47:49.589",1506088069589,63,66,61,143,-1086,-38,86,2193,13,123,1,2,3
"2017-09-22 15:47:49.641",1506088069641,59,57,63,95,-1054,-51,45,2177,14,252,2,5,2
"2017-09-22 15:47:49.696",1506088069696,52,60,53,182,-1090,-35,102,2143,15,153,1,5,3
"2017-09-22 15:47:49.741",1506088069741,54,64,63,60,-1059,-31,116,2112,16,233,2,3,3
"2017-09-22 15:47:49.798",1506088069798,56,69,60,157,-1099,-47,125,2201,17,122,1,2,2
"2017-09-22 15:47:49.845",1506088069845,64,71,61,80,-1054,-38,114,2210,18,221,2,2,1
"2017-09-22 15:47:49.892",1506088069892,50,62,49,155,-1040,69,54,2290,19,111,1,1,1
"2017-09-22 15:47:49.949",1506088069949,55,67,64,181,-1071,5,110,2213,20,141,1,4,1
"2017-09-22 15:47:49.992",1506088069992,53,62,64,188,-1062,-31,94,2215,21,199,1,9,9
"2017-09-22 15:47:50.045",1506088070045,57,58,58,59,-1051,-43,119,2224,22,299,2,9,9
"2017-09-22 15:47:51.062",1506088071062,55,63,65,168,-1109,-22,100,2256,1,132,1,3,2
"2017-09-22 15:47:51.111",1506088071111,68,59,37,146,-1037,7,89,2240,2,112,1,1,2
"2017-09-22 15:47:51.161",1506088071161,45,54,65,192,-1095,-54,130,2153,3,152,1,5,2
"2017-09-22 15:47:51.212",1506088071212,55,54,64,76,-1077,10,108,2197,4,242,2,4,2
"2017-09-22 15:47:51.265",1506088071265,56,67,51,68,-1056,-49,105,2048,5,212,2,1,2
"2017-09-22 15:47:51.313",1506088071313,50,65,51,169,-1096,-58,97,2174,6,121,1,2,1
"2017-09-22 15:47:51.362",1506088071362,54,57,66,66,-1015,31,164,2161,7,243,2,4,3
"2017-09-22 15:47:51.417",1506088071417,38,49,52,180,-1090,-31,54,2132,8,151,1,5,1
"2017-09-22 15:47:51.461",1506088071461,51,66,62,81,-1030,46,95,2241,9,231,2,3,1
"2017-09-22 15:47:51.515",1506088071515,61,71,55,72,-1086,-66,92,2249,10,222,2,2,2
"2017-09-22 15:47:51.561",1506088071561,56,74,49,64,-1053,-54,89,-24393,11,223,2,2,3
"2017-09-22 15:47:51.612",1506088071612,60,69,56,63,-1037,-18,53,2209,12,213,2,1,3
"2017-09-22 15:47:51.663",1506088071663,63,66,61,143,-1086,-41,81,2193,13,123,1,2,3
"2017-09-22 15:47:51.712",1506088071712,59,57,63,95,-1054,-51,37,2171,14,252,2,5,2
"2017-09-22 15:47:51.765",1506088071765,52,60,53,182,-1091,-34,101,2137,15,153,1,5,3
"2017-09-22 15:47:51.815",1506088071815,54,64,62,60,-1062,-33,110,2132,16,233,2,3,3
"2017-09-22 15:47:51.869",1506088071869,57,68,61,157,-1101,-49,117,2194,17,122,1,2,2
"2017-09-22 15:47:51.914",1506088071914,64,71,61,80,-1055,-43,117,2229,18,221,2,2,1
"2017-09-22 15:47:51.962",1506088071962,49,62,49,155,-1038,63,53,2316,19,111,1,1,1
"2017-09-22 15:47:52.022",1506088072022,56,66,64,181,-1074,6,114,2252,20,141,1,4,1
"2017-09-22 15:47:52.064",1506088072064,54,62,64,188,-1061,-34,93,2215,21,199,1,9,9
"2017-09-22 15:47:52.119",1506088072119,58,58,58,59,-1051,-47,121,2224,22,299,2,9,9
"2017-09-22 15:47:53.132",1506088073132,55,63,65,168,-1106,-22,98,2249,1,132,1,3,2
"2017-09-22 15:47:53.183",1506088073183,68,59,37,146,-1038,10,89,2240,2,112,1,1,2
"2017-09-22 15:47:53.231",1506088073231,46,54,65,192,-1086,-54,133,2153,3,152,1,5,2
"2017-09-22 15:47:53.285",1506088073285,54,53,63,76,-1077,7,105,2216,4,242,2,4,2
"2017-09-22 15:47:53.335",1506088073335,57,66,50,68,-1051,-47,108,2048,5,212,2,1,2
"2017-09-22 15:47:53.384",1506088073384,48,64,52,169,-1099,-57,100,2174,6,121,1,2,1
"2017-09-22 15:47:53.435",1506088073435,53,57,66,66,-1010,29,164,2167,7,243,2,4,3
"2017-09-22 15:47:53.485",1506088073485,39,50,51,180,-1087,-38,47,2132,8,151,1,5,1
"2017-09-22 15:47:53.535",1506088073535,51,66,61,81,-1031,46,94,2228,9,231,2,3,1
"2017-09-22 15:47:53.589",1506088073589,61,71,55,72,-1090,-60,82,2249,10,222,2,2,2
"2017-09-22 15:47:53.634",1506088073634,57,75,49,64,-1051,-52,82,-24393,11,223,2,2,3
"2017-09-22 15:47:53.684",1506088073684,60,69,56,63,-1038,-18,53,2196,12,213,2,1,3
"2017-09-22 15:47:53.732",1506088073732,63,66,61,143,-1086,-41,84,2180,13,123,1,2,3
"2017-09-22 15:47:53.785",1506088073785,59,57,63,95,-1054,-54,41,2171,14,252,2,5,2
"2017-09-22 15:47:53.837",1506088073837,52,60,53,182,-1094,-34,102,2143,15,153,1,5,3
"2017-09-22 15:47:53.885",1506088073885,53,63,62,60,-1067,-27,105,2106,16,233,2,3,3
"2017-09-22 15:47:53.939",1506088073939,57,69,61,157,-1096,-49,126,2194,17,122,1,2,2
"2017-09-22 15:47:53.988",1506088073988,65,71,60,80,-1056,-41,117,2210,18,221,2,2,1
"2017-09-22 15:47:54.033",1506088074033,49,63,49,155,-1038,69,57,2290,19,111,1,1,1
"2017-09-22 15:47:54.094",1506088074094,57,67,64,181,-1072,10,117,2219,20,141,1,4,1
"2017-09-22 15:47:54.132",1506088074132,53,62,64,188,-1061,-28,94,2209,21,199,1,9,9
"2017-09-22 15:47:54.189",1506088074189,57,57,59,59,-1054,-38,121,2224,22,299,2,9,9
"2017-09-22 15:47:55.204",1506088075204,54,64,65,168,-1103,-22,90,2256,1,132,1,3,2
"2017-09-22 15:47:55.253",1506088075253,68,59,37,146,-1035,13,89,2240,2,112,1,1,2
"2017-09-22 15:47:55.302",1506088075302,46,54,65,192,-1091,-57,126,2159,3,152,1,5,2
"2017-09-22 15:47:55.355",1506088075355,54,53,64,76,-1074,10,108,2203,4,242,2,4,2
"2017-09-22 15:47:55.406",1506088075406,55,67,51,68,-1054,-46,110,2048,5,212,2,1,2
"2017-09-22 15:47:55.455",1506088075455,49,64,52,169,-1098,-51,95,2200,6,121,1,2,1
"2017-09-22 15:47:55.504",1506088075504,55,57,66,66,-1011,33,164,2174,7,243,2,4,3
"2017-09-22 15:47:55.559",1506088075559,39,49,51,180,-1088,-31,49,2139,8,151,1,5,1
"2017-09-22 15:47:55.605",1506088075605,51,66,61,81,-1032,44,93,2241,9,231,2,3,1
"2017-09-22 15:47:55.657",1506088075657,60,71,55,72,-1090,-66,94,2216,10,222,2,2,2
"2017-09-22 15:47:55.706",1506088075706,57,75,49,64,-1050,-49,85,-24393,11,223,2,2,3
"2017-09-22 15:47:55.755",1506088075755,60,69,56,63,-1035,-18,46,2209,12,213,2,1,3
"2017-09-22 15:47:55.802",1506088075802,63,66,61,143,-1083,-42,77,2186,13,123,1,2,3
"2017-09-22 15:47:55.854",1506088075854,59,58,63,95,-1055,-52,41,2177,14,252,2,5,2
"2017-09-22 15:47:55.908",1506088075908,52,60,53,182,-1096,-34,102,2137,15,153,1,5,3
"2017-09-22 15:47:55.956",1506088075956,54,63,62,60,-1058,-26,103,2106,16,233,2,3,3
"2017-09-22 15:47:56.012",1506088076012,57,68,61,157,-1098,-44,127,2168,17,122,1,2,2
"2017-09-22 15:47:56.060",1506088076060,65,71,61,80,-1055,-47,121,2210,18,221,2,2,1
"2017-09-22 15:47:56.104",1506088076104,49,63,49,156,-1038,66,57,2310,19,111,1,1,1
"2017-09-22 15:47:56.162",1506088076162,56,67,64,181,-1074,5,110,2219,20,141,1,4,1
"2017-09-22 15:47:56.203",1506088076203,53,62,65,188,-1062,-31,93,2209,21,199,1,9,9
"2017-09-22 15:47:56.260",1506088076260,57,58,58,59,-1051,-44,121,2224,22,299,2,9,9
"2017-09-22 15:47:57.276",1506088077276,54,64,65,168,-1107,-20,98,2243,1,132,1,3,2
"2017-09-22 15:47:57.325",1506088077325,68,59,37,146,-1032,10,93,2253,2,112,1,1,2
"2017-09-22 15:47:57.375",1506088077375,46,54,66,192,-1090,-58,129,2172,3,152,1,5,2
"2017-09-22 15:47:57.426",1506088077426,54,54,64,76,-1074,5,105,2203,4,242,2,4,2
"2017-09-22 15:47:57.476",1506088077476,57,66,51,68,-1051,-51,114,2048,5,212,2,1,2
"2017-09-22 15:47:57.525",1506088077525,48,65,51,169,-1095,-54,102,2187,6,121,1,2,1
"2017-09-22 15:47:57.575",1506088077575,53,57,66,66,-1010,31,157,2167,7,243,2,4,3
"2017-09-22 15:47:57.628",1506088077628,39,49,51,180,-1088,-28,54,2139,8,151,1,5,1
"2017-09-22 15:47:57.676",1506088077676,50,66,62,81,-1034,44,93,2241,9,231,2,3,1
"2017-09-22 15:47:57.728",1506088077728,61,71,55,72,-1086,-68,89,2236,10,222,2,2,2
"2017-09-22 15:47:57.776",1506088077776,56,74,50,64,-1054,-51,82,-24387,11,223,2,2,3
"2017-09-22 15:47:57.827",1506088077827,60,69,56,63,-1038,-17,54,2216,12,213,2,1,3
"2017-09-22 15:47:57.876",1506088077876,63,65,61,143,-1087,-42,86,2173,13,123,1,2,3
"2017-09-22 15:47:57.924",1506088077924,59,57,63,95,-1054,-51,45,2171,14,252,2,5,2
"2017-09-22 15:47:57.980",1506088077980,52,60,53,182,-1094,-34,101,2156,15,153,1,5,3
"2017-09-22 15:47:58.026",1506088078026,53,64,62,60,-1062,-30,110,2132,16,233,2,3,3
"2017-09-22 15:47:58.082",1506088078082,57,68,61,157,-1099,-46,126,2194,17,122,1,2,2
"2017-09-22 15:47:58.128",1506088078128,65,71,61,80,-1055,-46,121,2216,18,221,2,2,1
"2017-09-22 15:47:58.173",1506088078173,50,62,49,155,-1040,68,55,2290,19,111,1,1,1
"2017-09-22 15:47:58.236",1506088078236,56,67,64,181,-1071,7,114,2213,20,141,1,4,1
"2017-09-22 15:47:58.276",1506088078276,53,62,64,188,-1062,-33,95,2209,21,199,1,9,9
"2017-09-22 15:47:58.331",1506088078331,57,58,58,59,-1051,-42,125,2218,22,299,2,9,9
"2017-09-22 15:47:59.346",1506088079346,54,63,65,168,-1106,-22,94,2230,1,132,1,3,2
"2017-09-22 15:47:59.394",1506088079394,68,59,36,146,-1037,13,93,2259,2,112,1,1,2
"2017-09-22 15:47:59.444",1506088079444,45,53,65,192,-1086,-55,133,2133,3,152,1,5,2
"2017-09-22 15:47:59.498",1506088079498,55,53,63,76,-1075,5,103,2197,4,242,2,4,2
"2017-09-22 15:47:59.549",1506088079549,56,66,51,68,-1051,-47,110,2028,5,212,2,1,2
"2017-09-22 15:47:59.596",1506088079596,49,65,51,169,-1096,-51,98,2174,6,121,1,2,1
"2017-09-22 15:47:59.647",1506088079647,54,57,67,66,-1010,29,157,2167,7,243,2,4,3
"2017-09-22 15:47:59.699",1506088079699,40,49,52,180,-1087,-31,49,2139,8,151,1,5,1
"2017-09-22 15:47:59.746",1506088079746,50,66,62,81,-1032,45,93,2228,9,231,2,3,1
"2017-09-22 15:47:59.802",1506088079802,61,72,55,72,-1086,-67,93,2216,10,222,2,2,2
"2017-09-22 15:47:59.849",1506088079849,56,75,49,64,-1051,-51,86,-24393,11,223,2,2,3
"2017-09-22 15:47:59.896",1506088079896,60,69,56,63,-1032,-18,50,2216,12,213,2,1,3
"2017-09-22 15:47:59.947",1506088079947,63,67,61,143,-1086,-38,89,2173,13,123,1,2,3
"2017-09-22 15:47:59.997",1506088079997,59,57,63,95,-1054,-51,45,2171,14,252,2,5,2
"2017-09-22 15:48:00.050",1506088080050,52,61,53,182,-1093,-34,102,2143,15,153,1,5,3
"2017-09-22 15:48:00.098",1506088080098,54,63,62,60,-1058,-31,110,2125,16,233,2,3,3
"2017-09-22 15:48:00.150",1506088080150,57,68,61,157,-1106,-47,122,2168,17,122,1,2,2
"2017-09-22 15:48:00.199",1506088080199,64,72,61,80,-1051,-43,117,2216,18,221,2,2,1
"2017-09-22 15:48:00.246",1506088080246,50,62,49,155,-1038,68,52,2290,19,111,1,1,1
"2017-09-22 15:48:00.303",1506088080303,56,66,64,181,-1074,10,114,2232,20,141,1,4,1
"2017-09-22 15:48:00.346",1506088080346,54,61,64,188,-1058,-33,93,2209,21,199,1,9,9
"2017-09-22 15:48:00.399",1506088080399,57,58,58,59,-1048,-44,119,2224,22,299,2,9,9
"2017-09-22 15:48:01.414",1506088081414,54,63,65,168,-1106,-22,95,2236,1,132,1,3,2
"2017-09-22 15:48:01.467",1506088081467,68,59,38,146,-1035,13,89,2253,2,112,1,1,2
"2017-09-22 15:48:01.518",1506088081518,45,53,65,192,-1086,-52,132,2159,3,152,1,5,2
"2017-09-22 15:48:01.566",1506088081566,55,53,63,76,-1079,6,103,2190,4,242,2,4,2
"2017-09-22 15:48:01.617",1506088081617,56,67,51,68,-1054,-47,116,2015,5,212,2,1,2
"2017-09-22 15:48:01.667",1506088081667,48,65,51,169,-1095,-54,102,2187,6,121,1,2,1
"2017-09-22 15:48:01.717",1506088081717,53,58,66,66,-1013,36,162,2161,7,243,2,4,3
"2017-09-22 15:48:01.769",1506088081769,40,49,52,180,-1093,-33,50,2132,8,151,1,5,1
"2017-09-22 15:48:01.818",1506088081818,50,66,61,81,-1030,44,93,2228,9,231,2,3,1
"2017-09-22 15:48:01.869",1506088081869,61,71,55,72,-1086,-63,92,2229,10,222,2,2,2
"2017-09-22 15:48:01.917",1506088081917,56,74,50,64,-1051,-51,89,-24393,11,223,2,2,3
"2017-09-22 15:48:01.965",1506088081965,61,69,56,63,-1040,-18,54,2190,12,213,2,1,3
"2017-09-22 15:48:02.016",1506088082016,63,67,61,143,-1086,-38,85,2193,13,123,1,2,3
"2017-09-22 15:48:02.066",1506088082066,60,57,63,95,-1055,-54,41,2177,14,252,2,5,2
"2017-09-22 15:48:02.121",1506088082121,52,61,54,182,-1096,-34,102,2137,15,153,1,5,3
"2017-09-22 15:48:02.170",1506088082170,53,64,62,60,-1062,-27,113,2132,16,233,2,3,3
"2017-09-22 15:48:02.223",1506088082223,57,68,60,157,-1101,-50,126,2194,17,122,1,2,2
"2017-09-22 15:48:02.271",1506088082271,65,71,61,80,-1056,-41,119,2210,18,221,2,2,1
"2017-09-22 15:48:02.318",1506088082318,49,63,49,155,-1038,65,61,2290,19,111,1,1,1
"2017-09-22 15:48:02.377",1506088082377,56,66,64,181,-1074,5,113,2219,20,141,1,4,1
"2017-09-22 15:48:02.416",1506088082416,53,61,64,188,-1058,-31,100,2209,21,199,1,9,9
"2017-09-22 15:48:02.470",1506088082470,57,58,59,59,-1051,-39,114,2231,22,299,2,9,9
"2017-09-22 15:48:03.486",1506088083486,55,64,65,168,-1106,-23,98,2256,1,132,1,3,2
"2017-09-22 15:48:03.538",1506088083538,67,59,37,146,-1034,13,87,2266,2,112,1,1,2
"2017-09-22 15:48:03.588",1506088083588,46,54,66,192,-1094,-52,130,2159,3,152,1,5,2
"2017-09-22 15:48:03.637",1506088083637,55,53,64,76,-1075,5,102,2190,4,242,2,4,2
"2017-09-22 15:48:03.689",1506088083689,56,67,50,68,-1054,-46,110,2048,5,212,2,1,2
"2017-09-22 15:48:03.738",1506088083738,49,65,52,169,-1094,-57,102,2193,6,121,1,2,1
"2017-09-22 15:48:03.790",1506088083790,55,57,67,66,-1013,38,159,2148,7,243,2,4,3
"2017-09-22 15:48:03.839",1506088083839,40,49,52,180,-1086,-34,50,2139,8,151,1,5,1
"2017-09-22 15:48:03.887",1506088083887,50,65,61,81,-1030,45,86,2222,9,231,2,3,1
"2017-09-22 15:48:03.941",1506088083941,61,71,55,72,-1083,-66,89,2216,10,222,2,2,2
"2017-09-22 15:48:03.990",1506088083990,57,75,49,64,-1050,-52,85,-24393,11,223,2,2,3
"2017-09-22 15:48:04.037",1506088084037,60,69,56,63,-1038,-22,46,2190,12,213,2,1,3
"2017-09-22 15:48:04.088",1506088084088,63,66,61,143,-1086,-42,78,2193,13,123,1,2,3
"2017-09-22 15:48:04.138",1506088084138,59,56,64,95,-1055,-49,44,2171,14,252,2,5,2
"2017-09-22 15:48:04.191",1506088084191,52,60,53,182,-1094,-31,110,2137,15,153,1,5,3
"2017-09-22 15:48:04.240",1506088084240,53,63,61,60,-1062,-31,114,2132,16,233,2,3,3
"2017-09-22 15:48:04.294",1506088084294,57,68,61,157,-1102,-47,124,2194,17,122,1,2,2
"2017-09-22 15:48:04.342",1506088084342,64,71,61,80,-1055,-44,121,2210,18,221,2,2,1
"2017-09-22 15:48:04.389",1506088084389,50,62,49,155,-1038,68,57,2316,19,111,1,1,1
"2017-09-22 15:48:04.448",1506088084448,56,66,64,181,-1071,10,121,2219,20,141,1,4,1
"2017-09-22 15:48:04.490",1506088084490,55,62,64,188,-1063,-27,98,2209,21,199,1,9,9
"2017-09-22 15:48:04.543",1506088084543,58,58,58,59,-1051,-41,121,2198,22,299,2,9,9
"2017-09-22 15:48:05.557",1506088085557,54,64,65,168,-1106,-22,89,2249,1,132,1,3,2
"2017-09-22 15:48:05.607",1506088085607,69,59,37,146,-1034,10,92,2259,2,112,1,1,2
"2017-09-22 15:48:05.657",1506088085657,46,54,65,192,-1088,-52,126,2166,3,152,1,5,2
"2017-09-22 15:48:05.711",1506088085711,54,53,63,76,-1077,5,102,2197,4,242,2,4,2
"2017-09-22 15:48:05.760",1506088085760,56,67,51,68,-1055,-44,109,2041,5,212,2,1,2
"2017-09-22 15:48:05.807",1506088085807,49,65,51,169,-1090,-54,92,2187,6,121,1,2,1
"2017-09-22 15:48:05.860",1506088085860,54,58,67,66,-1015,36,165,2161,7,243,2,4,3
"2017-09-22 15:48:05.911",1506088085911,39,49,52,180,-1091,-31,50,2139,8,151,1,5,1
"2017-09-22 15:48:05.960",1506088085960,51,66,61,81,-1027,41,94,2228,9,231,2,3,1
"2017-09-22 15:48:06.012",1506088086012,61,71,54,72,-1087,-66,98,2229,10,222,2,2,2
"2017-09-22 15:48:06.058",1506088086058,57,75,49,64,-1056,-51,89,-24393,11,223,2,2,3
"2017-09-22 15:48:06.109",1506088086109,60,69,56,63,-1037,-19,54,2209,12,213,2,1,3
"2017-09-22 15:48:06.160",1506088086160,63,66,61,143,-1088,-38,92,2167,13,123,1,2,3
"2017-09-22 15:48:06.210",1506088086210,59,57,63,95,-1054,-57,42,2177,14,252,2,5,2
"2017-09-22 15:48:06.263",1506088086263,52,61,54,182,-1093,-34,102,2156,15,153,1,5,3
"2017-09-22 15:48:06.311",1506088086311,53,64,62,60,-1064,-27,109,2132,16,233,2,3,3
"2017-09-22 15:48:06.364",1506088086364,57,69,60,157,-1096,-47,121,2188,17,122,1,2,2
"2017-09-22 15:48:06.412",1506088086412,64,71,61,80,-1053,-41,127,2229,18,221,2,2,1
"2017-09-22 15:48:06.459",1506088086459,49,63,50,155,-1038,65,62,2310,19,111,1,1,1
"2017-09-22 15:48:06.517",1506088086517,56,67,64,181,-1069,5,117,2219,20,141,1,4,1
"2017-09-22 15:48:06.559",1506088086559,53,62,64,188,-1056,-31,93,2215,21,199,1,9,9
"2017-09-22 15:48:06.614",1506088086614,57,57,58,59,-1048,-44,121,2224,22,299,2,9,9
"2017-09-22 15:48:07.628",1506088087628,54,64,65,168,-1107,-25,90,2256,1,132,1,3,2
"2017-09-22 15:48:07.678",1506088087678,68,59,36,146,-1038,10,100,2259,2,112,1,1,2
"2017-09-22 15:48:07.731",1506088087731,45,54,65,192,-1093,-54,132,2166,3,152,1,5,2
"2017-09-22 15:48:07.779",1506088087779,55,53,64,76,-1074,6,106,2216,4,242,2,4,2
"2017-09-22 15:48:07.833",1506088087833,55,67,51,68,-1056,-51,106,2028,5,212,2,1,2
"2017-09-22 15:48:07.879",1506088087879,50,65,52,169,-1094,-57,102,2174,6,121,1,2,1
"2017-09-22 15:48:07.932",1506088087932,54,57,66,66,-1008,29,159,2167,7,243,2,4,3
"2017-09-22 15:48:07.982",1506088087982,39,48,52,180,-1091,-31,53,2139,8,151,1,5,1
"2017-09-22 15:48:08.029",1506088088029,51,65,61,81,-1031,44,89,2222,9,231,2,3,1
"2017-09-22 15:48:08.085",1506088088085,61,71,55,72,-1085,-66,97,2229,10,222,2,2,2
"2017-09-22 15:48:08.130",1506088088130,56,75,50,64,-1051,-52,86,-24393,11,223,2,2,3
"2017-09-22 15:48:08.182",1506088088182,60,69,56,63,-1035,-18,53,2196,12,213,2,1,3
"2017-09-22 15:48:08.231",1506088088231,63,65,61,143,-1087,-42,79,2173,13,123,1,2,3
"2017-09-22 15:48:08.279",1506088088279,60,57,63,95,-1051,-51,41,2171,14,252,2,5,2
"2017-09-22 15:48:08.335",1506088088335,52,61,53,182,-1090,-35,98,2156,15,153,1,5,3
"2017-09-22 15:48:08.380",1506088088380,53,64,62,60,-1063,-28,110,2132,16,233,2,3,3
"2017-09-22 15:48:08.438",1506088088438,57,69,60,157,-1102,-50,117,2188,17,122,1,2,2
"2017-09-22 15:48:08.484",1506088088484,64,71,61,80,-1056,-39,122,2210,18,221,2,2,1
"2017-09-22 15:48:08.529",1506088088529,49,62,49,155,-1038,69,54,2297,19,111,1,1,1
"2017-09-22 15:48:08.590",1506088088590,57,67,65,181,-1071,10,110,2232,20,141,1,4,1
"2017-09-22 15:48:08.632",1506088088632,53,61,64,188,-1058,-34,98,2209,21,199,1,9,9
"2017-09-22 15:48:08.683",1506088088683,58,59,58,59,-1051,-44,119,2205,22,299,2,9,9
"2017-09-22 15:48:09.702",1506088089702,54,64,65,168,-1106,-22,100,2256,1,132,1,3,2
"2017-09-22 15:48:09.751",1506088089751,69,59,37,146,-1038,10,89,2240,2,112,1,1,2
"2017-09-22 15:48:09.799",1506088089799,46,53,64,192,-1087,-55,132,2133,3,152,1,5,2
"2017-09-22 15:48:09.854",1506088089854,55,54,63,76,-1078,7,102,2197,4,242,2,4,2
"2017-09-22 15:48:09.903",1506088089903,55,67,51,68,-1054,-47,110,2028,5,212,2,1,2
"2017-09-22 15:48:09.951",1506088089951,49,65,51,169,-1095,-57,94,2200,6,121,1,2,1
"2017-09-22 15:48:10.005",1506088090005,53,57,66,66,-1013,34,162,2161,7,243,2,4,3
"2017-09-22 15:48:10.056",1506088090056,39,50,52,180,-1094,-34,57,2132,8,151,1,5,1
"2017-09-22 15:48:10.103",1506088090103,51,66,61,81,-1029,42,95,2228,9,231,2,3,1
"2017-09-22 15:48:10.157",1506088090157,61,71,55,72,-1086,-63,86,2229,10,222,2,2,2
"2017-09-22 15:48:10.204",1506088090204,57,75,49,64,-1051,-54,92,-24387,11,223,2,2,3
"2017-09-22 15:48:10.252",1506088090252,60,69,56,63,-1039,-18,57,2190,12,213,2,1,3
"2017-09-22 15:48:10.299",1506088090299,63,66,61,143,-1086,-38,78,2193,13,123,1,2,3
"2017-09-22 15:48:10.352",1506088090352,59,57,63,95,-1054,-51,44,2177,14,252,2,5,2
"2017-09-22 15:48:10.404",1506088090404,52,60,53,182,-1094,-35,100,2156,15,153,1,5,3
"2017-09-22 15:48:10.452",1506088090452,53,63,62,60,-1062,-27,109,2132,16,233,2,3,3
"2017-09-22 15:48:10.507",1506088090507,57,69,61,157,-1099,-52,125,2188,17,122,1,2,2
"2017-09-22 15:48:10.557",1506088090557,65,71,61,80,-1056,-42,111,2236,18,221,2,2,1
"2017-09-22 15:48:10.601",1506088090601,49,62,50,155,-1038,65,62,2310,19,111,1,1,1
"2017-09-22 15:48:10.661",1506088090661,57,67,64,181,-1072,7,117,2219,20,141,1,4,1
"2017-09-22 15:48:10.703",1506088090703,53,61,65,188,-1064,-27,89,2209,21,199,1,9,9
"2017-09-22 15:48:10.757",1506088090757,57,58,58,59,-1053,-42,124,2224,22,299,2,9,9
"2017-09-22 15:48:11.772",1506088091772,53,64,65,168,-1106,-25,92,2256,1,132,1,3,2
"2017-09-22 15:48:11.820",1506088091820,68,59,35,146,-1035,13,87,2266,2,112,1,1,2
"2017-09-22 15:48:11.873",1506088091873,46,54,65,192,-1087,-63,132,2166,3,152,1,5,2
"2017-09-22 15:48:11.923",1506088091923,54,54,63,76,-1071,5,102,2197,4,242,2,4,2
"2017-09-22 15:48:11.974",1506088091974,56,67,50,68,-1051,-49,109,2048,5,212,2,1,2
"2017-09-22 15:48:12.021",1506088092021,50,65,51,169,-1093,-59,100,2200,6,121,1,2,1
"2017-09-22 15:48:12.073",1506088092073,54,58,67,66,-1008,33,162,2161,7,243,2,4,3
"2017-09-22 15:48:12.127",1506088092127,40,49,51,180,-1090,-31,53,2139,8,151,1,5,1
"2017-09-22 15:48:12.174",1506088092174,50,66,61,81,-1032,46,89,2228,9,231,2,3,1
"2017-09-22 15:48:12.225",1506088092225,60,71,55,72,-1088,-66,86,2229,10,222,2,2,2
"2017-09-22 15:48:12.274",1506088092274,57,75,49,64,-1054,-50,78,-24393,11,223,2,2,3
"2017-09-22 15:48:12.322",1506088092322,60,69,56,63,-1035,-18,57,2216,12,213,2,1,3
"2017-09-22 15:48:12.371",1506088092371,63,67,61,143,-1086,-44,85,2186,13,123,1,2,3
"2017-09-22 15:48:12.422",1506088092422,59,57,63,95,-1050,-51,46,2184,14,252,2,5,2
"2017-09-22 15:48:12.475",1506088092475,52,61,53,182,-1091,-38,102,2137,15,153,1,5,3
"2017-09-22 15:48:12.524",1506088092524,53,63,62,60,-1059,-28,114,2132,16,233,2,3,3
"2017-09-22 15:48:12.578",1506088092578,57,69,61,157,-1102,-47,125,2194,17,122,1,2,2
"2017-09-22 15:48:12.624",1506088092624,65,71,61,80,-1053,-44,121,2203,18,221,2,2,1
"2017-09-22 15:48:12.671",1506088092671,50,62,49,155,-1038,69,61,2316,19,111,1,1,1
"2017-09-22 15:48:12.732",1506088092732,56,66,64,181,-1072,6,113,2232,20,141,1,4,1
"2017-09-22 15:48:12.771",1506088092771,54,62,64,188,-1059,-31,102,2202,21,199,1,9,9
"2017-09-22 15:48:12.827",1506088092827,57,58,58,59,-1051,-42,126,2224,22,299,2,9,9
"2017-09-22 15:48:13.842",1506088093842,54,64,65,168,-1111,-22,94,2249,1,132,1,3,2
"2017-09-22 15:48:13.890",1506088093890,68,59,38,146,-1034,10,98,2266,2,112,1,1,2
"2017-09-22 15:48:13.944",1506088093944,45,54,65,192,-1090,-52,127,2159,3,152,1,5,2
"2017-09-22 15:48:13.994",1506088093994,55,54,63,76,-1078,5,105,2197,4,242,2,4,2
"2017-09-22 15:48:14.046",1506088094046,56,67,52,68,-1051,-50,105,2061,5,212,2,1,2
"2017-09-22 15:48:14.094",1506088094094,49,65,51,169,-1096,-55,100,2187,6,121,1,2,1
"2017-09-22 15:48:14.145",1506088094145,54,57,67,66,-1015,37,164,2167,7,243,2,4,3
"2017-09-22 15:48:14.196",1506088094196,39,49,52,180,-1090,-33,55,2113,8,151,1,5,1
"2017-09-22 15:48:14.242",1506088094242,51,65,61,81,-1029,44,93,2222,9,231,2,3,1
"2017-09-22 15:48:14.296",1506088094296,60,71,54,72,-1086,-66,93,2229,10,222,2,2,2
"2017-09-22 15:48:14.343",1506088094343,57,75,49,64,-1051,-51,78,-24393,11,223,2,2,3
"2017-09-22 15:48:14.391",1506088094391,60,69,56,63,-1038,-19,53,2190,12,213,2,1,3
"2017-09-22 15:48:14.441",1506088094441,63,66,61,143,-1085,-42,86,2186,13,123,1,2,3
"2017-09-22 15:48:14.492",1506088094492,59,57,63,95,-1055,-54,50,2177,14,252,2,5,2
"2017-09-22 15:48:14.548",1506088094548,52,60,53,182,-1094,-34,102,2143,15,153,1,5,3
"2017-09-22 15:48:14.594",1506088094594,53,63,62,60,-1062,-30,105,2132,16,233,2,3,3
"2017-09-22 15:48:14.650",1506088094650,57,69,61,157,-1102,-44,124,2188,17,122,1,2,2
"2017-09-22 15:48:14.697",1506088094697,65,71,61,80,-1054,-46,125,2210,18,221,2,2,1
"2017-09-22 15:48:14.743",1506088094743,49,62,49,155,-1038,68,53,2290,19,111,1,1,1
"2017-09-22 15:48:14.802",1506088094802,56,67,64,181,-1072,10,110,2232,20,141,1,4,1
"2017-09-22 15:48:14.843",1506088094843,54,62,64,188,-1062,-31,95,2209,21,199,1,9,9
"2017-09-22 15:48:14.899",1506088094899,58,58,58,59,-1050,-42,116,2224,22,299,2,9,9
"2017-09-22 15:48:15.911",1506088095911,54,63,65,168,-1104,-26,101,2243,1,132,1,3,2
"2017-09-22 15:48:15.963",1506088095963,68,59,36,146,-1030,10,93,2259,2,112,1,1,2
"2017-09-22 15:48:16.013",1506088096013,45,54,65,192,-1088,-54,130,2133,3,152,1,5,2
"2017-09-22 15:48:16.065",1506088096065,55,53,63,76,-1074,7,108,2197,4,242,2,4,2
"2017-09-22 15:48:16.116",1506088096116,56,66,50,68,-1054,-47,105,2015,5,212,2,1,2
"2017-09-22 15:48:16.165",1506088096165,49,65,52,169,-1095,-57,93,2200,6,121,1,2,1
"2017-09-22 15:48:16.215",1506088096215,53,57,67,66,-1011,30,162,2167,7,243,2,4,3
"2017-09-22 15:48:16.266",1506088096266,39,49,52,180,-1091,-34,53,2139,8,151,1,5,1
"2017-09-22 15:48:16.312",1506088096312,50,66,61,81,-1030,39,86,2254,9,231,2,3,1
"2017-09-22 15:48:16.369",1506088096369,62,71,56,72,-1090,-65,92,2229,10,222,2,2,2
"2017-09-22 15:48:16.415",1506088096415,56,74,50,64,-1053,-54,82,-24387,11,223,2,2,3
"2017-09-22 15:48:16.463",1506088096463,60,68,56,63,-1039,-18,53,2216,12,213,2,1,3
"2017-09-22 15:48:16.515",1506088096515,63,65,61,143,-1087,-41,81,2167,13,123,1,2,3
"2017-09-22 15:48:16.565",1506088096565,59,57,63,95,-1055,-51,45,2177,14,252,2,5,2
"2017-09-22 15:48:16.616",1506088096616,51,61,53,182,-1095,-36,102,2156,15,153,1,5,3
"2017-09-22 15:48:16.664",1506088096664,53,63,61,60,-1058,-30,110,2125,16,233,2,3,3
"2017-09-22 15:48:16.720",1506088096720,57,69,60,157,-1099,-50,125,2188,17,122,1,2,2
"2017-09-22 15:48:16.765",1506088096765,64,72,61,80,-1054,-47,116,2216,18,221,2,2,1
"2017-09-22 15:48:16.813",1506088096813,49,63,49,155,-1038,62,53,2303,19,111,1,1,1
"2017-09-22 15:48:16.872",1506088096872,56,66,64,181,-1072,5,110,2232,20,141,1,4,1
"2017-09-22 15:48:16.912",1506088096912,53,62,64,188,-1058,-33,93,2209,21,199,1,9,9
"2017-09-22 15:48:16.966",1506088096966,57,58,58,59,-1051,-42,119,2224,22,299,2,9,9
"2017-09-22 15:48:17.985",1506088097985,54,63,65,168,-1103,-27,93,2243,1,132,1,3,2
"2017-09-22 15:48:18.032",1506088098032,68,59,36,146,-1038,13,90,2253,2,112,1,1,2
"2017-09-22 15:48:18.085",1506088098085,45,53,65,192,-1086,-54,130,2153,3,152,1,5,2
"2017-09-22 15:48:18.135",1506088098135,55,54,63,76,-1074,2,105,2203,4,242,2,4,2
"2017-09-22 15:48:18.185",1506088098185,56,67,50,68,-1053,-46,114,2048,5,212,2,1,2
"2017-09-22 15:48:18.234",1506088098234,49,65,52,169,-1095,-55,98,2200,6,121,1,2,1
"2017-09-22 15:48:18.285",1506088098285,54,57,67,66,-1010,33,159,2167,7,243,2,4,3
"2017-09-22 15:48:18.338",1506088098338,40,49,52,180,-1090,-33,52,2139,8,151,1,5,1
"2017-09-22 15:48:18.383",1506088098383,51,66,61,81,-1030,38,93,2228,9,231,2,3,1
"2017-09-22 15:48:18.437",1506088098437,61,71,54,72,-1088,-66,87,2255,10,222,2,2,2
"2017-09-22 15:48:18.486",1506088098486,56,75,50,64,-1053,-52,86,-24393,11,223,2,2,3
"2017-09-22 15:48:18.534",1506088098534,60,69,55,63,-1038,-19,55,2209,12,213,2,1,3
"2017-09-22 15:48:18.584",1506088098584,63,65,61,143,-1090,-34,92,2173,13,123,1,2,3
"2017-09-22 15:48:18.635",1506088098635,60,57,63,95,-1054,-51,38,2184,14,252,2,5,2
"2017-09-22 15:48:18.688",1506088098688,52,60,53,182,-1090,-36,102,2143,15,153,1,5,3
"2017-09-22 15:48:18.736",1506088098736,53,63,62,60,-1063,-27,109,2112,16,233,2,3,3
"2017-09-22 15:48:18.789",1506088098789,57,69,60,157,-1096,-46,129,2175,17,122,1,2,2
"2017-09-22 15:48:18.838",1506088098838,64,72,61,80,-1054,-38,121,2236,18,221,2,2,1
"2017-09-22 15:48:18.882",1506088098882,49,62,49,155,-1038,65,61,2310,19,111,1,1,1
"2017-09-22 15:48:18.946",1506088098946,56,66,64,181,-1071,4,109,2206,20,141,1,4,1
"2017-09-22 15:48:18.986",1506088098986,54,62,64,188,-1059,-30,93,2209,21,199,1,9,9
"2017-09-22 15:48:19.040",1506088099040,58,59,59,59,-1053,-46,116,2224,22,299,2,9,9
"2017-09-22 15:48:20.054",1506088100054,55,63,66,168,-1104,-22,101,2243,1,132,1,3,2
"2017-09-22 15:48:20.104",1506088100104,68,59,37,146,-1038,15,89,2259,2,112,1,1,2
"2017-09-22 15:48:20.157",1506088100157,45,54,65,192,-1088,-58,127,2153,3,152,1,5,2
"2017-09-22 15:48:20.207",1506088100207,55,53,63,76,-1074,9,105,2197,4,242,2,4,2
"2017-09-22 15:48:20.258",1506088100258,55,67,51,68,-1053,-47,109,2048,5,212,2,1,2
"2017-09-22 15:48:20.307",1506088100307,49,65,51,169,-1096,-54,95,2193,6,121,1,2,1
"2017-09-22 15:48:20.358",1506088100358,53,57,67,66,-1010,37,166,2174,7,243,2,4,3
"2017-09-22 15:48:20.408",1506088100408,40,49,52,180,-1086,-35,50,2139,8,151,1,5,1
"2017-09-22 15:48:20.455",1506088100455,50,66,61,81,-1030,44,86,2228,9,231,2,3,1
"2017-09-22 15:48:20.510",1506088100510,61,71,55,72,-1087,-66,93,2216,10,222,2,2,2
"2017-09-22 15:48:20.556",1506088100556,57,75,49,64,-1051,-51,86,-24393,11,223,2,2,3
"2017-09-22 15:48:20.605",1506088100605,61,68,55,63,-1035,-18,54,2196,12,213,2,1,3
"2017-09-22 15:48:20.656",1506088100656,63,66,62,143,-1083,-39,85,2173,13,123,1,2,3
"2017-09-22 15:48:20.707",1506088100707,59,57,63,95,-1051,-58,44,2177,14,252,2,5,2
"2017-09-22 15:48:20.762",1506088100762,52,61,53,182,-1094,-34,102,2137,15,153,1,5,3
"2017-09-22 15:48:20.806",1506088100806,53,64,62,60,-1062,-30,109,2125,16,233,2,3,3
"2017-09-22 15:48:20.861",1506088100861,57,68,61,157,-1101,-42,125,2207,17,122,1,2,2
"2017-09-22 15:48:20.908",1506088100908,64,71,61,80,-1054,-42,120,2216,18,221,2,2,1
"2017-09-22 15:48:20.955",1506088100955,50,62,50,155,-1040,65,57,2290,19,111,1,1,1
"2017-09-22 15:48:21.014",1506088101014,57,67,64,181,-1071,5,109,2219,20,141,1,4,1
"2017-09-22 15:48:21.054",1506088101054,53,62,64,188,-1062,-31,93,2215,21,199,1,9,9
"2017-09-22 15:48:21.109",1506088101109,57,58,58,59,-1048,-47,124,2224,22,299,2,9,9
"2017-09-22 15:48:22.127",1506088102127,54,63,65,168,-1106,-22,98,2256,1,132,1,3,2
"2017-09-22 15:48:22.178",1506088102178,69,59,35,146,-1035,10,87,2240,2,112,1,1,2
"2017-09-22 15:48:22.229",1506088102229,44,53,65,192,-1090,-51,126,2153,3,152,1,5,2
"2017-09-22 15:48:22.278",1506088102278,55,53,63,76,-1077,5,109,2190,4,242,2,4,2
"2017-09-22 15:48:22.329",1506088102329,56,67,51,68,-1054,-47,109,2015,5,212,2,1,2
"2017-09-22 15:48:22.378",1506088102378,50,64,52,169,-1096,-52,86,2193,6,121,1,2,1
"2017-09-22 15:48:22.429",1506088102429,54,58,67,66,-1011,34,166,2167,7,243,2,4,3
"2017-09-22 15:48:22.480",1506088102480,40,48,52,180,-1091,-33,53,2132,8,151,1,5,1
"2017-09-22 15:48:22.528",1506088102528,51,66,61,81,-1035,44,87,2228,9,231,2,3,1
"2017-09-22 15:48:22.580",1506088102580,61,71,55,72,-1086,-66,93,2216,10,222,2,2,2
"2017-09-22 15:48:22.627",1506088102627,56,74,50,64,-1054,-54,85,-24400,11,223,2,2,3
"2017-09-22 15:48:22.677",1506088102677,60,69,56,63,-1038,-15,57,2183,12,213,2,1,3
"2017-09-22 15:48:22.726",1506088102726,63,67,61,143,-1086,-38,84,2193,13,123,1,2,3
"2017-09-22 15:48:22.778",1506088102778,59,57,63,95,-1051,-52,46,2164,14,252,2,5,2
"2017-09-22 15:48:22.832",1506088102832,52,61,54,182,-1094,-34,101,2137,15,153,1,5,3
"2017-09-22 15:48:22.877",1506088102877,53,63,62,60,-1062,-33,109,2125,16,233,2,3,3
"2017-09-22 15:48:22.935",1506088102935,57,68,61,157,-1102,-43,125,2194,17,122,1,2,2
"2017-09-22 15:48:22.980",1506088102980,64,70,61,80,-1054,-42,114,2236,18,221,2,2,1
"2017-09-22 15:48:23.027",1506088103027,49,62,49,155,-1040,69,61,2290,19,111,1,1,1
"2017-09-22 15:48:23.086",1506088103086,56,66,64,181,-1067,7,110,2219,20,141,1,4,1
"2017-09-22 15:48:23.127",1506088103127,54,61,64,188,-1058,-33,92,2235,21,199,1,9,9
"2017-09-22 15:48:23.183",1506088103183,58,58,58,59,-1048,-43,121,2224,22,299,2,9,9
"2017-09-22 15:48:24.196",1506088104196,55,63,65,168,-1107,-20,98,2249,1,132,1,3,2
"2017-09-22 15:48:24.248",1506088104248,68,59,38,146,-1038,10,86,2266,2,112,1,1,2
"2017-09-22 15:48:24.296",1506088104296,45,54,65,192,-1086,-54,133,2153,3,152,1,5,2
"2017-09-22 15:48:24.350",1506088104350,55,53,63,76,-1077,5,105,2203,4,242,2,4,2
"2017-09-22 15:48:24.398",1506088104398,56,66,51,68,-1054,-47,110,2048,5,212,2,1,2
"2017-09-22 15:48:24.446",1506088104446,49,65,52,169,-1094,-54,102,2193,6,121,1,2,1
"2017-09-22 15:48:24.500",1506088104500,53,57,67,66,-1015,36,164,2161,7,243,2,4,3
"2017-09-22 15:48:24.550",1506088104550,38,49,51,180,-1088,-35,57,2139,8,151,1,5,1
"2017-09-22 15:48:24.599",1506088104599,50,66,63,81,-1030,42,94,2241,9,231,2,3,1
"2017-09-22 15:48:24.653",1506088104653,61,71,55,72,-1086,-63,97,2229,10,222,2,2,2
"2017-09-22 15:48:24.700",1506088104700,57,75,50,64,-1054,-51,82,-24400,11,223,2,2,3
"2017-09-22 15:48:24.746",1506088104746,60,69,56,63,-1037,-17,60,2196,12,213,2,1,3
"2017-09-22 15:48:24.796",1506088104796,63,66,61,143,-1086,-38,86,2186,13,123,1,2,3
"2017-09-22 15:48:24.848",1506088104848,59,57,63,95,-1051,-51,46,2190,14,252,2,5,2
"2017-09-22 15:48:24.904",1506088104904,52,60,54,182,-1094,-36,102,2156,15,153,1,5,3
"2017-09-22 15:48:24.950",1506088104950,53,64,62,60,-1063,-28,108,2132,16,233,2,3,3
"2017-09-22 15:48:25.006",1506088105006,57,69,61,157,-1103,-49,126,2201,17,122,1,2,2
"2017-09-22 15:48:25.050",1506088105050,65,71,61,80,-1054,-43,114,2210,18,221,2,2,1
"2017-09-22 15:48:25.098",1506088105098,49,62,50,155,-1039,69,60,2277,19,111,1,1,1
"2017-09-22 15:48:25.159",1506088105159,56,67,64,181,-1079,9,110,2232,20,141,1,4,1
"2017-09-22 15:48:25.198",1506088105198,53,62,65,188,-1062,-31,92,2209,21,199,1,9,9
"2017-09-22 15:48:25.253",1506088105253,58,57,58,59,-1053,-44,124,2218,22,299,2,9,9
"2017-09-22 15:48:26.269",1506088106269,54,63,66,168,-1110,-22,93,2243,1,132,1,3,2
"2017-09-22 15:48:26.320",1506088106320,68,59,36,146,-1038,10,89,2240,2,112,1,1,2
"2017-09-22 15:48:26.370",1506088106370,45,54,65,192,-1088,-54,133,2166,3,152,1,5,2
"2017-09-22 15:48:26.420",1506088106420,55,53,64,76,-1074,10,105,2203,4,242,2,4,2
"2017-09-22 15:48:26.473",1506088106473,56,67,50,68,-1051,-47,108,2041,5,212,2,1,2
"2017-09-22 15:48:26.520",1506088106520,49,64,51,169,-1093,-58,102,2193,6,121,1,2,1
"2017-09-22 15:48:26.570",1506088106570,54,57,67,66,-1010,34,165,2161,7,243,2,4,3
"2017-09-22 15:48:26.625",1506088106625,40,49,52,180,-1088,-34,53,2139,8,151,1,5,1
"2017-09-22 15:48:26.671",1506088106671,51,66,61,81,-1031,42,95,2228,9,231,2,3,1
"2017-09-22 15:48:26.723",1506088106723,61,71,56,72,-1087,-66,95,2210,10,222,2,2,2
"2017-09-22 15:48:26.770",1506088106770,57,75,50,64,-1048,-54,82,-24393,11,223,2,2,3
"2017-09-22 15:48:26.820",1506088106820,60,69,56,63,-1038,-15,50,2209,12,213,2,1,3
"2017-09-22 15:48:26.870",1506088106870,63,67,61,143,-1086,-38,82,2193,13,123,1,2,3
"2017-09-22 15:48:26.919",1506088106919,59,57,63,95,-1054,-47,45,2177,14,252,2,5,2
"2017-09-22 15:48:26.975",1506088106975,51,61,53,182,-1094,-34,100,2137,15,153,1,5,3
"2017-09-22 15:48:27.023",1506088107023,53,64,62,60,-1059,-31,108,2145,16,233,2,3,3
"2017-09-22 15:48:27.077",1506088107077,57,68,61,157,-1102,-47,130,2194,17,122,1,2,2
"2017-09-22 15:48:27.121",1506088107121,65,71,61,80,-1054,-43,124,2203,18,221,2,2,1
"2017-09-22 15:48:27.168",1506088107168,49,62,49,155,-1039,69,66,2323,19,111,1,1,1
"2017-09-22 15:48:27.231",1506088107231,56,67,64,181,-1071,12,114,2232,20,141,1,4,1
"2017-09-22 15:48:27.271",1506088107271,54,61,64,188,-1062,-31,94,2202,21,199,1,9,9
"2017-09-22 15:48:27.324",1506088107324,57,58,58,59,-1050,-43,124,2224,22,299,2,9,9
"2017-09-22 15:48:28.339",1506088108339,54,63,65,168,-1104,-23,93,2249,1,132,1,3,2
"2017-09-22 15:48:28.391",1506088108391,68,60,38,146,-1038,12,92,2246,2,112,1,1,2
"2017-09-22 15:48:28.439",1506088108439,46,54,65,192,-1087,-51,127,2153,3,152,1,5,2
"2017-09-22 15:48:28.492",1506088108492,54,54,63,76,-1079,5,100,2197,4,242,2,4,2
"2017-09-22 15:48:28.543",1506088108543,56,67,52,68,-1053,-47,110,2028,5,212,2,1,2
"2017-09-22 15:48:28.590",1506088108590,49,64,51,169,-1094,-58,102,2174,6,121,1,2,1
"2017-09-22 15:48:28.640",1506088108640,54,57,67,66,-1011,36,166,2167,7,243,2,4,3
"2017-09-22 15:48:28.694",1506088108694,39,49,51,180,-1090,-34,53,2139,8,151,1,5,1
"2017-09-22 15:48:28.740",1506088108740,50,66,62,81,-1032,41,94,2254,9,231,2,3,1
"2017-09-22 15:48:28.795",1506088108795,61,71,55,72,-1086,-63,89,2229,10,222,2,2,2
"2017-09-22 15:48:28.839",1506088108839,57,75,49,64,-1051,-51,84,-24393,11,223,2,2,3
"2017-09-22 15:48:28.888",1506088108888,60,68,56,63,-1037,-18,54,2196,12,213,2,1,3
"2017-09-22 15:48:28.940",1506088108940,64,66,61,143,-1085,-38,86,2173,13,123,1,2,3
"2017-09-22 15:48:28.989",1506088108989,59,58,63,95,-1054,-50,38,2158,14,252,2,5,2
"2017-09-22 15:48:29.045",1506088109045,52,60,54,182,-1094,-33,103,2156,15,153,1,5,3
"2017-09-22 15:48:29.090",1506088109090,53,63,62,60,-1062,-27,105,2132,16,233,2,3,3
"2017-09-22 15:48:29.145",1506088109145,57,69,61,157,-1101,-49,125,2188,17,122,1,2,2
"2017-09-22 15:48:29.192",1506088109192,64,71,61,80,-1053,-38,117,2203,18,221,2,2,1
"2017-09-22 15:48:29.239",1506088109239,49,62,49,155,-1038,61,66,2310,19,111,1,1,1
"2017-09-22 15:48:29.298",1506088109298,56,66,64,181,-1071,5,124,2219,20,141,1,4,1
"2017-09-22 15:48:29.341",1506088109341,54,63,64,188,-1060,-28,94,2235,21,199,1,9,9
"2017-09-22 15:48:29.394",1506088109394,57,58,58,59,-1051,-43,125,2224,22,299,2,9,9
"2017-09-22 15:48:30.408",1506088110408,54,64,65,168,-1106,-20,98,2230,1,132,1,3,2
"2017-09-22 15:48:30.460",1506088110460,68,59,35,146,-1037,6,87,2259,2,112,1,1,2
"2017-09-22 15:48:30.511",1506088110511,46,54,65,192,-1088,-54,130,2153,3,152,1,5,2
"2017-09-22 15:48:30.559",1506088110559,54,54,63,76,-1074,7,105,2190,4,242,2,4,2
"2017-09-22 15:48:30.614",1506088110614,56,67,50,68,-1054,-47,106,2048,5,212,2,1,2
"2017-09-22 15:48:30.659",1506088110659,49,65,51,169,-1095,-58,98,2200,6,121,1,2,1
"2017-09-22 15:48:30.765",1506088110765,39,49,51,180,-1086,-36,50,2139,8,151,1,5,1
"2017-09-22 15:48:30.811",1506088110811,51,67,61,81,-1030,42,93,2228,9,231,2,3,1
"2017-09-22 15:48:30.890",1506088110890,61,71,55,72,-1090,-66,84,2210,10,222,2,2,2
"2017-09-22 15:48:30.910",1506088110910,57,75,50,64,-1051,-54,82,-24393,11,223,2,2,3
"2017-09-22 15:48:30.960",1506088110960,60,69,55,63,-1035,-18,61,2190,12,213,2,1,3
"2017-09-22 15:48:31.060",1506088111060,59,57,63,95,-1054,-52,44,2171,14,252,2,5,2
"2017-09-22 15:48:31.115",1506088111115,51,61,53,182,-1090,-36,101,2137,15,153,1,5,3
"2017-09-22 15:48:31.190",1506088111190,53,64,62,60,-1061,-25,109,2106,16,233,2,3,3
"2017-09-22 15:48:31.218",1506088111218,56,68,61,157,-1102,-47,127,2188,17,122,1,2,2
"2017-09-22 15:48:31.263",1506088111263,65,71,61,80,-1055,-42,117,2210,18,221,2,2,1
"2017-09-22 15:48:31.369",1506088111369,56,67,64,181,-1070,6,110,2219,20,141,1,4,1
"2017-09-22 15:48:31.410",1506088111410,53,62,64,188,-1062,-31,98,2209,21,199,1,9,9
"2017-09-22 15:48:31.492",1506088111492,57,58,58,59,-1051,-41,125,2231,22,299,2,9,9
